dataset,method,ablation,study,expert,eta,seed,budget_frac,budget_count,ACC,NMI,ARI,zeta_t,kappa,delta_mis_proxy,sel_boundary_margin,argmax_retention,sel_time,retrain_time,total_time,error,scheme,alpha,gamma_raw,d_eff,lambda2,r_within,r_cross,r_W,p,w_B,PC,H_norm
shuttle,P2_Full,,main,clean,0.0,0,0.05,249,0.47208324994997,0.384313928082156,0.23893402847435297,-0.061796228040655474,1.0,0.08553187168198403,0.35642080634832385,0.5333333333333333,2.6631782999975258,0.16326509999635164,2.911894699995173,,D,0.003634024117749789,0.9279693828256126,3.8293794907429564,7.268048235499578,0.9387217098625253,0.1492743982865116,0.26076929825572503,0.23890545272636318,2.0,0.7637455963161992,0.2385286498416404
shuttle,P2_Full,,main,clean,0.0,0,0.1,499,0.5103061837102262,0.36642678675228535,0.21600542731246106,-0.05827606082620479,1.0,0.08451650963619109,0.3549256013035774,0.512,2.7452447000032407,0.0482451999996556,5.8057940999933635,,D,0.006803468829155341,0.9236426322359391,3.842201812540334,13.606937658310681,0.9357258117101803,0.15824510231386438,0.2598973809570918,0.23636818409204602,2.0,0.7566130589513184,0.24810267841357633
shuttle,P2_Full,,main,clean,0.0,0,0.15,749,0.5033019811887133,0.3385236618956504,0.211274534928678,-0.055380898574021016,1.0,0.08456408230976813,0.3189204713106155,0.604,2.882671200000914,0.07690059999731602,8.848306299994874,,D,0.005043107223577428,0.9179311763654642,2.8899270837875943,10.086214447154855,0.9364281217414296,0.2253833375062743,0.34570234292229823,0.3046173086543272,2.0,0.7579755656149725,0.23629959638709272
shuttle,P2_Full,,main,clean,0.0,0,0.2,999,0.3688212927756654,0.3488905764508359,0.14319204165001959,-0.06223783959479177,1.0,0.08381340922680204,0.30221333760023117,0.544,2.8673657000035746,0.0673938999971142,11.872785299994575,,D,0.003956470225501512,0.9071612933717719,2.863467389748664,7.912940451003024,0.9289991978950765,0.2352241356695574,0.34890140665891073,0.3057053526763382,2.0,0.7530314618400724,0.2425116578831385
shuttle,P2_Full,,main,clean,0.0,1,0.05,249,0.4978987392435461,0.36702000249229555,0.23428492498696452,-0.059566595656713656,1.0,0.08646068044201406,0.3826094178358714,0.47333333333333333,3.4527967999965767,0.20147739999811165,3.762907800002722,,D,0.02224860988964989,0.9474373394899046,2.744897238889752,44.49721977929978,0.9554772686923081,0.15295894698593768,0.3639943604381154,0.3551380690345173,2.0,0.771266396619434,0.23070803237467521
shuttle,P2_Full,,main,clean,0.0,1,0.1,499,0.4810886531919151,0.2636554980041745,0.16386889417776587,-0.057753533221664446,1.0,0.08559110304758691,0.3419701798558235,0.52,3.227586600005452,0.11089689999789698,7.272407099997508,,D,0.014227070263219104,0.9282748271769982,3.72532871700312,28.45414052643821,0.9395749975839932,0.15754817956146003,0.26806672104142437,0.24478489244622312,2.0,0.7642134035873638,0.23905371259180985
shuttle,P2_Full,,main,clean,0.0,1,0.15,749,0.5159095457274364,0.3296340091303467,0.2082300072826861,-0.058598080060955994,1.0,0.08260962083027722,0.3333244118690491,0.608,3.409667799998715,0.17358680000324966,10.965435400001297,,D,0.01680376411943521,0.8910396456388673,3.1510012725752263,33.60752823887042,0.914689150369166,0.21704687791227198,0.3170179491955557,0.28069634817408706,2.0,0.7436226193816465,0.25101708153581986
shuttle,P2_Full,,main,clean,0.0,1,0.2,999,0.5311186712027216,0.35920160186308153,0.21257109344029562,-0.06180902196584603,1.0,0.08345848762793738,0.34810297572612764,0.588,3.6763429999991786,0.09879129999899305,14.842434600002889,,D,0.020190366716327672,0.9027782125668281,2.9141207284171293,40.38073343265535,0.9257398690297131,0.2361780941197802,0.342828096009899,0.2986073036518259,2.0,0.7507560446346939,0.24370671206757272
shuttle,P2_Full,,main,clean,0.0,2,0.05,249,0.5275165099059436,0.2703470765416356,0.17786870093717028,-0.054165495864767134,1.0,0.08281439239812773,0.3990667592485746,0.47333333333333333,3.6511614000046393,0.19842709999647923,4.063419600002817,,D,0.0005,0.9054186882695189,3.9664927197477633,0.6142598691151793,0.9218724778794115,0.17396448948370835,0.2517377648708874,0.22389744872436218,2.0,0.7435120060281069,0.2588002448680862
shuttle,P2_Full,,main,clean,0.0,2,0.1,499,0.7718631178707225,0.3933239982296129,0.4052926328569153,-0.07024258107090112,1.0,0.08596367891793003,0.29362494480609896,0.64,3.721708299999591,0.22965100000146776,8.116527900005167,,D,0.01597717152291689,0.9322218948342874,2.902301865175177,31.954343045833777,0.9454601648860768,0.1953177950227833,0.3442262106645957,0.31384192096048025,2.0,0.7684729870909612,0.22254563700593188
shuttle,P2_Full,,main,clean,0.0,2,0.15,749,0.7342405443265959,0.3931840586556803,0.3819013580017495,-0.07400293516311458,1.0,0.09970663082174985,0.24408871030807494,0.748,3.5652427000022726,0.10041649999766378,11.965595500005293,,D,0.005941766308335862,0.9668028973969164,1.86843021381623,11.883532616671724,0.9713681069794508,0.13751831408655235,0.5349761314527977,0.5384832416208104,2.0,0.8703884405576329,0.1364013101030389
shuttle,P2_Full,,main,clean,0.0,2,0.2,999,0.5077046227736642,0.35633225543682856,0.20475520273221928,-0.07633780764547182,1.0,0.09713214964556927,0.23046037030220032,0.756,4.908351300000504,0.2090364999967278,17.363123100003577,,D,0.004666908253048405,0.9692067329310095,1.8482523435512608,9.33381650609681,0.9736965086600762,0.1458038122102369,0.5408220718056571,0.539791395697849,2.0,0.8504666861800918,0.1579347211354883
shuttle,P2_Full,,main,clean,0.0,3,0.05,249,0.519911947168301,0.28597416691863586,0.2002194722395854,-0.05414679583323175,1.0,0.08435373887353066,0.375847641925017,0.49333333333333335,5.393921100003354,0.14637410000432283,5.907039599995187,,D,0.01581238088047513,0.9251640101472828,3.695801473548669,31.624761760950264,0.9373445937632365,0.1627637135544817,0.2702124105212878,0.24541220610305153,2.0,0.7554536258739026,0.24625526110890084
shuttle,P2_Full,,main,clean,0.0,3,0.1,499,0.5381228737242345,0.38097769482782506,0.2270848309688644,-0.06257283832053465,1.0,0.08391494817690846,0.3329819322824478,0.612,4.726866800003336,0.363205099994957,11.217506299995875,,D,0.01788617088779904,0.9202158418187374,3.0933881519542616,35.77234177559808,0.9369403233552074,0.20962158300239817,0.32293159902487106,0.28839069534767386,2.0,0.7533411390491735,0.2384331541373375
shuttle,P2_Full,,main,clean,0.0,3,0.15,749,0.7866720032019211,0.4275944552115396,0.42790420130484513,-0.0649797426338568,1.0,0.08597086009658202,0.2949433059692383,0.632,5.278216300001077,0.2687506000002031,16.828412999995635,,D,0.005838494550383725,0.9274071356515579,2.969761800276472,11.67698910076745,0.9430976790460809,0.216144431485843,0.336395540652474,0.2962631315657829,2.0,0.7690911272944593,0.223685651383827
shuttle,P2_Full,,main,clean,0.0,3,0.2,999,0.5233139883930358,0.35861885979779357,0.2232502205121795,-0.08096383394075259,1.0,0.10118186115871375,0.17021650433540345,0.824,5.03429380000307,0.08843300000444287,22.161121999997704,,D,0.004418047805286932,0.9718258267033658,1.8031920769221306,8.836095610573864,0.9748800990058212,0.10840681180945944,0.5543492653146996,0.5649784892446224,2.0,0.8812593542649095,0.12814665156647131
shuttle,P2_Full,,main,clean,0.0,4,0.05,249,0.45847508505103063,0.3190333656916828,0.20387152745665327,-0.059085254120411115,1.0,0.08668900503809103,0.3413316630323728,0.5733333333333334,5.579298199998448,0.3159527000025264,6.354225499999302,,D,0.004343858063542774,0.943371442635433,2.9026005482405663,8.68771612708555,0.95172612575049,0.14753480406132588,0.3441907376622592,0.33584142071035517,2.0,0.7725953669949445,0.22957553441176384
shuttle,P2_Full,,main,clean,0.0,4,0.1,499,0.44406643986391836,0.34255854833530813,0.208760409240591,-0.06559121051048865,1.0,0.08435430737245676,0.3203120816349983,0.62,5.6417465999984415,0.1618679000021075,12.281979899998987,,D,0.009666508826253391,0.9268102320781332,3.358044690162356,19.333017652506783,0.9401382057565133,0.18210159776170276,0.297441064669259,0.2680195097548774,2.0,0.7554666040113547,0.24498460806425212
shuttle,P2_Full,,main,clean,0.0,4,0.15,749,0.47368421052631576,0.35010480505260244,0.22191523373747077,-0.05887895308320968,1.0,0.0849243159268697,0.32555325865745544,0.68,5.619880500002182,0.14478489999601152,18.16545590000169,,D,0.03893930820394746,0.9352593552688226,3.299181831297182,77.87861640789492,0.9471466947584506,0.18361478386549554,0.3027568303528822,0.27100450225112555,2.0,0.7599034479366329,0.23979107168385705
shuttle,P2_Full,,main,clean,0.0,4,0.2,999,0.5119071442865719,0.3568131367444643,0.23528688483424715,-0.06480729131625872,1.0,0.08463188270510469,0.29478096663951875,0.688,5.671328099997481,0.08069130000512814,24.4068918999983,,D,0.037043936830848154,0.9406983185297839,3.0823087496941746,74.0878736616963,0.9524840004743592,0.19874110906103876,0.3240941793668992,0.2857568784392196,2.0,0.7584039784179952,0.23910253000387444
shuttle,P2_Full,,main,clean,0.0,5,0.05,249,0.4414648789273564,0.294610031645734,0.1597353592401935,-0.05327310815489854,1.0,0.08455623669273961,0.3939155394832293,0.4666666666666667,5.566791999997804,0.09982070000114618,5.905573199997889,,D,0.005434507348082777,0.9250707057142012,4.194972473312275,10.869014696165554,0.9348528299283313,0.13055139925405757,0.23799958664146711,0.22436368184092045,2.0,0.7554628915712303,0.2530319153258775
shuttle,P2_Full,,main,clean,0.0,5,0.1,499,0.5123073844306584,0.39917182273337837,0.2517067382537659,-0.0582783346189274,1.0,0.08223134345336845,0.34546643030643465,0.532,5.6886908000014955,0.3784035999997286,12.298935400001938,,D,0.004457345487608217,0.927862943260268,4.129828469546179,8.914690975216434,0.9394175214312369,0.16017534805526448,0.24176168823457253,0.21436218109054528,2.0,0.7384458469640826,0.270566892683442
shuttle,P2_Full,,main,clean,0.0,5,0.15,749,0.3550130078046828,0.33097859518097755,0.12681658180427766,-0.059985871172404163,1.0,0.08889028977151961,0.30508203887939456,0.656,5.483910700000706,0.2723087999984273,18.23534429999563,,D,0.012609875176867437,0.943965139993312,3.9007209588027703,25.219750353734874,0.9511524412368842,0.12826482019789895,0.25599086028549634,0.23978839419709855,2.0,0.7881242302670424,0.2164282722649193
shuttle,P2_Full,,main,clean,0.0,5,0.2,999,0.4010406243746248,0.38076121777364563,0.1347998466887674,-0.05991896418447439,1.0,0.08645859775024332,0.3420489597320557,0.512,6.386128300000564,0.21886710000399034,24.995453899995482,,D,0.011024674075665831,0.9353615891502816,4.112977775165291,22.049348151331664,0.945618620845335,0.15868322813351018,0.2427542250549923,0.2170920460230115,2.0,0.7711021044079411,0.23398919737152735
shuttle,P2_Full,,main,clean,0.0,6,0.05,249,0.506704022413448,0.34703146199129953,0.22484785242572702,-0.06602457082735898,1.0,0.09657282715880225,0.30925945927699405,0.6333333333333333,6.410837600000377,0.2707531999985804,6.932752299995627,,D,0.006132910269075452,0.9527197708932099,2.1689326996208766,12.265820538150905,0.9602744367116617,0.15978488178194733,0.4607866539360672,0.4536458229114557,2.0,0.8465149938080504,0.15562676960447894
shuttle,P2_Full,,main,clean,0.0,6,0.1,499,0.7462477486491895,0.44720453368364466,0.4902007926280734,-0.07241837561922912,1.0,0.08542939887158689,0.29111041224002837,0.624,5.721061299998837,0.29086649999953806,13.099731199996313,,D,0.0048162373099427105,0.9425148019908991,3.343366147548324,9.632474619885421,0.9523792922255292,0.17160052633146292,0.2987491308793857,0.272959979989995,2.0,0.7635750766402177,0.23249047632680878
shuttle,P2_Full,,main,clean,0.0,6,0.15,749,0.7754652791675005,0.4672592888721601,0.5138760318860637,-0.07307300413225003,1.0,0.09788073425724078,0.23794768226146698,0.84,6.11697290000302,0.14575689999765018,19.476649299998826,,D,0.0043444193052858135,0.9791399851697121,2.047730565781381,8.688838610571628,0.9822941240535078,0.15120501636537495,0.4880895413464965,0.4768189094547274,2.0,0.8551903237465905,0.15348169393260916
shuttle,P2_Full,,main,clean,0.0,6,0.2,999,0.42245347208324996,0.3686103973115569,0.1724804532978178,-0.07486706148464535,1.0,0.09933109442488991,0.1930737067461014,0.976,5.692424700006086,0.12778160000016214,25.58776560000115,,D,0.0033704825823083835,0.9876593014488856,1.9209021394866632,6.740965164616767,0.9895623124917361,0.1542061038901793,0.520348901717953,0.5079719859929965,2.0,0.8676410237423968,0.13909159107200983
shuttle,P2_Full,,main,clean,0.0,7,0.05,249,0.46087652591554934,0.31882500091580457,0.2001304438817364,-0.06336763877724567,1.0,0.08711697226876357,0.3440048150221507,0.5466666666666666,6.272510700000566,0.5820282999993651,6.9984391999969375,,D,0.00358739100080851,0.9364053856710557,3.032679512450049,7.17478200161702,0.9472570180180239,0.17063759976337084,0.32940610694884265,0.3043556778389195,2.0,0.775925094950766,0.21777139562450187
shuttle,P2_Full,,main,clean,0.0,7,0.1,499,0.7530518310986591,0.4855313475708805,0.48525306502046456,-0.06906412539720333,1.0,0.08501937391421224,0.2824323689937592,0.668,6.0271441000004415,0.17163840000284836,13.424286399997072,,D,0.002922919885084981,0.9392202423766,3.406302840587408,5.845839770169962,0.9503252280216231,0.18270862009406522,0.2932200375145793,0.2624847423711856,2.0,0.7603949713622604,0.2361222472770974
shuttle,P2_Full,,main,clean,0.0,7,0.15,749,0.561536922153292,0.36803087490236663,0.20530709557378177,-0.06261164825504582,1.0,0.09163440286754711,0.2558787671327591,0.684,6.723962700001721,0.2803896000041277,20.817618399996718,,D,0.0075905616177874575,0.9586644190848905,2.2562788750129883,15.181123235574915,0.9642713655746894,0.13564455526375283,0.44292908886535953,0.445280140070035,2.0,0.8090092810945212,0.1947492920200349
shuttle,P2_Full,,main,clean,0.0,7,0.2,999,0.530518310986592,0.3655482130573914,0.2261920763912764,-0.06791131560343672,1.0,0.08519539858907929,0.25677175271511077,0.732,5.229773300001398,0.6362299000029452,26.928973599999154,,D,0.00516082220606808,0.9366974917243021,2.689710512037966,10.321644412136159,0.9521520105004841,0.24413754205242408,0.3714729587564367,0.31423411705852927,2.0,0.7638337455370456,0.2229404273910817
shuttle,P2_Full,,main,clean,0.0,0,0.05,249,0.6423854312587552,0.38266834518320175,0.35467473072089606,-0.07634404872792332,1.0,0.08553187168198403,0.24389756818612415,0.6733333333333333,6.233821199995873,0.6134523000000627,7.2068370999986655,,E,0.003634024117749789,0.9279693828256126,3.8293794907429564,7.268048235499578,0.9387217098625253,0.1492743982865116,0.26076929825572503,0.23890545272636318,2.7964390709673097,0.7637455963161992,0.2385286498416404
shuttle,P2_Full,,main,clean,0.0,0,0.1,499,0.4780868521112668,0.3105700077303976,0.17598509503738144,-0.07419077923100054,1.0,0.08981165458129221,0.21181130188703537,0.728,5.744236499995168,0.6877936000018963,13.927579999995942,,E,0.010595781155810662,0.9499533360915625,2.852412638649816,21.191562311621322,0.9563104898004785,0.1270245249622776,0.35025554045320645,0.3472776388194097,2.4698851064810547,0.7945731271497474,0.21206810390202396
shuttle,P2_Full,,main,clean,0.0,0,0.15,749,0.4524714828897338,0.38973050349880034,0.2251159154848999,-0.07204176513694753,1.0,0.08534230872604821,0.23564482855796814,0.644,5.608412200002931,0.560651500003587,20.25123899999744,,E,0.015287053765945153,0.9377618090026789,3.2750796906021518,30.574107531890306,0.9486177859490055,0.17442629312272004,0.30498857599297063,0.2788529264632316,2.6465299492130807,0.7620410188447974,0.2402743752288881
shuttle,P2_Full,,main,clean,0.0,0,0.2,999,0.4786872123273964,0.43825408336852417,0.253897860162234,-0.06964076511038503,1.0,0.08574091436687216,0.25739995419979095,0.644,5.9881973000010476,0.19106050000118557,26.780493399994157,,E,0.03769057515045033,0.9252278253883925,3.8331445472145647,75.38115030090066,0.9374574395515289,0.16355835879672076,0.26051266963349373,0.23150425212606304,2.8298937717302284,0.7653527884219637,0.23998063740796605
shuttle,P2_Full,,main,clean,0.0,1,0.05,249,0.47828697218331,0.3442492799462284,0.2187831685294551,-0.07433155618866828,1.0,0.08646068044201406,0.256876371105512,0.6466666666666666,5.903654000001552,0.6121950000015204,6.930847800002084,,E,0.02224860988964989,0.9474373394899046,2.744897238889752,44.49721977929978,0.9554772686923081,0.15295894698593768,0.3639943604381154,0.3551380690345173,2.4539515664418996,0.771266396619434,0.23070803237467521
shuttle,P2_Full,,main,clean,0.0,1,0.1,499,0.524314588753252,0.37826559254929204,0.24981123313420353,-0.07408446325873565,1.0,0.08541903382953227,0.2289616383910179,0.708,6.406864600001427,0.15077810000366298,13.627898400001868,,E,0.014477121882306562,0.9283801241644686,3.7671876651816985,28.954243764613125,0.9397263137063909,0.15842235705599142,0.26508255037415457,0.24081740870435217,2.7881309280963205,0.7629306105193809,0.23924891859454586
shuttle,P2_Full,,main,clean,0.0,1,0.15,749,0.37982789673804285,0.2961032784573487,0.12056479570837013,-0.07731401158264668,1.0,0.08576700616659594,0.2134750450849533,0.692,5.680938500001503,0.161582399996405,19.827913400004036,,E,0.015744567577068495,0.9371129166343825,3.698341735259857,31.48913515413699,0.9473516219645203,0.16281094275928357,0.2700264674538808,0.24439569784892445,2.7729312635222403,0.765075289378763,0.24049122625403074
shuttle,P2_Full,,main,clean,0.0,1,0.2,999,0.395037022213328,0.30174832114185857,0.12170913115526681,-0.07123175939685163,1.0,0.08415049420623326,0.24899251854419707,0.616,5.880810500006191,0.3554597999973339,26.394540300003428,,E,0.019838442049726453,0.9192224181355066,3.9772337371826887,39.676884099452906,0.9333007536615159,0.17428518161915282,0.25105656454527076,0.22606503251625812,2.8558764693386207,0.7542899705418017,0.2512918748518438
shuttle,P2_Full,,main,clean,0.0,2,0.05,249,0.5121072643586152,0.3709218660002734,0.2099923079730073,-0.07346666327085978,1.0,0.08281439239812773,0.28206121971209847,0.64,5.298470499998075,0.6286085999963689,6.567268900005729,,E,0.0005,0.9054186882695189,3.9664927197477633,0.6142598691151793,0.9218724778794115,0.17396448948370835,0.2517377648708874,0.22389744872436218,2.866582620411063,0.7435120060281069,0.2588002448680862
shuttle,P2_Full,,main,clean,0.0,2,0.1,499,0.5083049829897939,0.3481307816084561,0.2096064992246095,-0.07629542326291283,1.0,0.08568077822849574,0.19539927035570145,0.708,6.55526010000176,0.3427402999950573,13.679658300003211,,E,0.00262748845526459,0.9362493086696881,3.2018519242089187,5.254976910529179,0.9469831680942786,0.16837243958618553,0.3119752402498573,0.2851365682841421,2.6267728443405827,0.7646328291035426,0.23472679566042184
shuttle,P2_Full,,main,clean,0.0,2,0.15,749,0.5229137482489493,0.4172929594050696,0.2592221213652198,-0.08169157357572832,1.0,0.08552932270191273,0.16522031581401825,0.804,5.441449699996156,0.5247709999966901,19.861148500000127,,E,0.002864044482901986,0.9184458612456342,2.9376385214847023,5.7280889658039715,0.9362041251968244,0.21774816364227126,0.3400795192399589,0.29868284142071033,2.5870082419560956,0.7658064175566275,0.22647336100196927
shuttle,P2_Full,,main,clean,0.0,2,0.2,999,0.7716629977986792,0.40204463638654464,0.41538383939913076,-0.07438615608462029,1.0,0.08781233809400435,0.2067632526755333,0.72,6.304909600003157,0.3056591999993543,26.573751900003117,,E,0.00908832902346083,0.9392793728902467,3.6716592872766594,18.17665804692166,0.9487125140831205,0.15535315825746285,0.2719924219461396,0.2493856928464232,2.752463281459996,0.7811014483466778,0.22228702606942075
shuttle,P2_Full,,main,clean,0.0,3,0.05,249,0.6555933560136081,0.381852987755543,0.3778994080341328,-0.06915107543681236,1.0,0.08435373887353066,0.2533495052655538,0.6533333333333333,5.906027899996843,0.1836189000023296,6.2874692999976105,,E,0.01581238088047513,0.9251640101472828,3.695801473548669,31.624761760950264,0.9373445937632365,0.1627637135544817,0.2702124105212878,0.24541220610305153,2.7686942368099734,0.7554536258739026,0.24625526110890084
shuttle,P2_Full,,main,clean,0.0,3,0.1,499,0.5115069041424855,0.3240724526934901,0.20187568286781643,-0.0712531463571934,1.0,0.0899239139695966,0.21755911237001418,0.688,6.0037639000001946,0.41699449999578064,13.08716750000167,,E,0.015003416258255072,0.9499926731240361,2.8352798554001004,30.006832516510144,0.9561823578300084,0.1237755563564685,0.352375057128823,0.350319659829915,2.463633942558001,0.7962463855725926,0.20998799735912504
shuttle,P2_Full,,main,clean,0.0,3,0.15,749,0.5285171102661597,0.34037146259629447,0.19691394346166655,-0.07593958644736212,1.0,0.08520398039579667,0.20272647923231124,0.708,5.35642419999931,0.2565963999950327,18.931515199998103,,E,0.0036913167551458504,0.9153237891629886,3.091518639779925,7.382633510291701,0.9330390325144842,0.20921157402277543,0.3231271856766135,0.2838134067033517,2.630860431872782,0.7635741375936096,0.2269116360864617
shuttle,P2_Full,,main,clean,0.0,3,0.2,999,0.5843506103662197,0.38420965988793304,0.2888115207798998,-0.077699075760589,1.0,0.08475431271899761,0.1742678768634796,0.8,5.6495850999999675,0.46266990000003716,25.464295600002515,,E,0.006578652959760932,0.9154948114766611,2.8321707663623044,13.157305919521864,0.9353123188527156,0.23451231483355917,0.3527624351649649,0.3109109554777389,2.5540887450101444,0.7605557674657925,0.2314424244941969
shuttle,P2_Full,,main,clean,0.0,4,0.05,249,0.442865719431659,0.32483663652038064,0.20599033664264682,-0.0749650089420198,1.0,0.08668900503809103,0.22218308130900066,0.7133333333333334,5.520336000001407,0.2670589000044856,6.2683419000022695,,E,0.004343858063542774,0.943371442635433,2.9026005482405663,8.68771612708555,0.95172612575049,0.14753480406132588,0.3441907376622592,0.33584142071035517,2.494398947191244,0.7725953669949445,0.22957553441176384
shuttle,P2_Full,,main,clean,0.0,4,0.1,499,0.442865719431659,0.3333651541971138,0.20126352179770854,-0.07368046710415532,1.0,0.08387937308231055,0.21162882500886918,0.76,5.440523899997061,0.2522471999982372,12.129790999999386,,E,0.017556255921426074,0.917653371417188,3.441306057385167,35.11251184285215,0.932789707974335,0.1838124622421566,0.2902324639786287,0.26013556778389196,2.711037362671174,0.7517746663571963,0.24912963774805835
shuttle,P2_Full,,main,clean,0.0,4,0.15,749,0.48268961376826097,0.3516685739651978,0.21542643787148275,-0.07529180881952538,1.0,0.08330996409372428,0.21171869856119155,0.76,5.873978499999794,0.16006429999833927,18.440716500001145,,E,0.023811530075177945,0.9296749275572479,3.224250631430471,47.62306015035589,0.9439750807793358,0.2033435974591972,0.30980448871007593,0.27150275137568786,2.6708009816963743,0.7478770073612384,0.25196823009160135
shuttle,P2_Full,,main,clean,0.0,4,0.2,999,0.48429057434460676,0.3489702746389098,0.20576150195186618,-0.07409838077008865,1.0,0.08456386372398059,0.2239740163087845,0.668,5.888058800002909,0.45245049999357434,24.999090099998284,,E,0.02084141788382766,0.9339894401204514,3.3659184410492955,41.68283576765532,0.9467451080929606,0.19323677902119013,0.29674410313180527,0.25950125062531265,2.713386493890038,0.757515594178514,0.24157066292854104
shuttle,P2_Full,,main,clean,0.0,5,0.05,249,0.4412647588553132,0.29329182669259757,0.15906004642058458,-0.07173238623278991,1.0,0.08455623669273961,0.26476896792650223,0.6466666666666666,5.478386099995987,0.1744678999966709,5.97060380000039,,E,0.005434507348082777,0.9250707057142012,4.194972473312275,10.869014696165554,0.9348528299283313,0.13055139925405757,0.23799958664146711,0.22436368184092045,2.8642623349230663,0.7554628915712303,0.2530319153258775
shuttle,P2_Full,,main,clean,0.0,5,0.1,499,0.3602161296778067,0.3158243346006337,0.12273503291898986,-0.07357336595155131,1.0,0.08174600927984052,0.2321756849884987,0.672,5.474091700001736,0.3510865999996895,12.185064400000556,,E,0.00472051257983366,0.9240075478648881,4.133629261453086,9.44102515966732,0.9362335776792022,0.16088479146029538,0.24153893308251878,0.21471735867933966,2.914321327058385,0.7348108058712592,0.27430524450602467
shuttle,P2_Full,,main,clean,0.0,5,0.15,749,0.36301781068641187,0.3220016599402255,0.12313015901447678,-0.0656774738981294,1.0,0.08424018387228739,0.2618722177743912,0.628,5.746781000001647,0.13720469999680063,18.239320900000166,,E,0.0147853082168038,0.9270795140017697,4.265435708659191,29.570616433607597,0.938348081666779,0.15453226224085706,0.2340596678908071,0.21127863931965982,2.933271535660335,0.7533167816901928,0.2534068273826092
shuttle,P2_Full,,main,clean,0.0,5,0.2,999,0.4040424254552732,0.3779700426789112,0.13260744201574504,-0.0704053666850979,1.0,0.08535329950637698,0.23817433136701585,0.712,6.073243700004241,0.15222280000307364,24.660858800001733,,E,0.0111927991151291,0.9353862042212732,4.2023752782034185,22.3855982302582,0.9454889135532539,0.15635529858945058,0.23757945097026473,0.21315107553776888,2.922877028038743,0.7626759984986591,0.24306230418683514
shuttle,P2_Full,,main,clean,0.0,6,0.05,249,0.7200320192115269,0.3821343925904932,0.4490768093217783,-0.07711139339819097,1.0,0.09657282715880225,0.2167583892742793,0.7266666666666667,5.627668499997526,0.5042488999970374,6.219818599995051,,E,0.006132910269075452,0.9527197708932099,2.1689326996208766,12.265820538150905,0.9602744367116617,0.15978488178194733,0.4607866539360672,0.4536458229114557,2.301090713004969,0.8465149938080504,0.15562676960447894
shuttle,P2_Full,,main,clean,0.0,6,0.1,499,0.7538523113868321,0.3806585877694063,0.3813501471517377,-0.0789398148236944,1.0,0.09703881910740147,0.18476308369636535,0.804,5.522312799999781,0.1363511000017752,11.958971899999597,,E,0.005914224334221217,0.9784096968520715,2.1979076957769443,11.828448668442434,0.981276735363765,0.13279287891650837,0.4547055130866601,0.44698599299649827,2.309301642371506,0.8491064977285052,0.15926807897233228
shuttle,P2_Full,,main,clean,0.0,6,0.15,749,0.7500500300180108,0.4005881478808593,0.3930402890463825,-0.07841723223699577,1.0,0.09958167514150373,0.2037826622724533,0.816,4.669925400005013,0.11539410000114003,17.17236899999989,,E,0.013613517789563002,0.962298615508075,1.8884547660490008,27.227035579126003,0.967495171114519,0.1378346094307746,0.5292981163024773,0.5360370185092547,2.216385699807193,0.8692923343146497,0.13621570514956605
shuttle,P2_Full,,main,clean,0.0,6,0.2,999,0.4506704022413448,0.3719772812766824,0.1871578970679945,-0.07372131655667129,1.0,0.09716425126369804,0.2239153151512146,0.764,4.763994599998114,0.13704360000701854,22.524675699998625,,E,0.017155266528025934,0.9640289365748699,1.846032196677266,34.31053305605187,0.9690908922003062,0.1407229907442762,0.5414730978619855,0.5495642821410706,2.204905837450015,0.851062270410147,0.1558622826015857
shuttle,P2_Full,,main,clean,0.0,7,0.05,249,0.5123073844306584,0.3851567236443473,0.25264528396689345,-0.075714617023851,1.0,0.08711697226876357,0.2443128225207329,0.68,3.380203699998674,0.2810968999983743,3.989129599998705,,E,0.00358739100080851,0.9364053856710557,3.032679512450049,7.17478200161702,0.9472570180180239,0.17063759976337084,0.32940610694884265,0.3043556778389195,2.571407380256966,0.775925094950766,0.21777139562450187
shuttle,P2_Full,,main,clean,0.0,7,0.1,499,0.5407244346607964,0.3514544595356472,0.21666962211252505,-0.07512630219149168,1.0,0.08590565586830674,0.21692774111032487,0.72,4.4565016999986256,0.3661071000024094,9.090595900001063,,E,0.011438236569057451,0.9363294446438667,3.6347103446524005,22.876473138114903,0.9463678352407435,0.1576614267101706,0.2747624682912914,0.2504087043521761,2.748367850857128,0.7661892410315676,0.23679458250321095
shuttle,P2_Full,,main,clean,0.0,7,0.15,749,0.5321192715629378,0.34777888653937267,0.21587444595601488,-0.07532137420580909,1.0,0.08711722752421033,0.17851197922229767,0.756,3.0392390999986674,0.32969759999832604,12.639639900000475,,E,0.007046478213344585,0.9433117686436003,2.806535350162737,14.09295642668917,0.9545466385616915,0.19818698959679132,0.35598920227647185,0.32444122061030517,2.5205556018120197,0.7768217058204737,0.21816180291699716
shuttle,P2_Full,,main,clean,0.0,7,0.2,999,0.3922353412047228,0.3439909280622726,0.13638784342725332,-0.07259659262820276,1.0,0.08609390725252691,0.23007062500715256,0.716,4.654349999997066,0.3835428000020329,17.936302400004934,,E,0.017675282741082037,0.9415118547850757,2.818499937664102,35.35056548216407,0.9537117397903171,0.20858731218798132,0.3544758975608766,0.3178489244622311,2.536537190342787,0.7691073347692349,0.22892922293540285
