round,dataset,method,seed,regret,zeta
0,iris,P2_Full,0,0.6384744522406631,1.999946669534597
1,iris,P2_Full,0,1.2828574403743311,1.9997998387012574
2,iris,P2_Full,0,1.9287744452826439,1.9996805899113177
3,iris,P2_Full,0,3.778361229343603,1.9967838120536097
4,iris,P2_Full,0,4.928439300881741,1.994404346208811
5,iris,P2_Full,0,6.19437259979234,1.998753381729025
6,iris,P2_Full,0,7.454261127957908,1.9963586364690888
7,iris,P2_Full,0,8.131276665357769,1.9318892650797261
8,iris,P2_Full,0,9.247235498490024,1.958900603322311
9,iris,P2_Full,0,9.98584803558957,1.9074167067243295
0,iris,BADGE,0,1.4865231387022126,1.9877654038390646
1,iris,BADGE,0,2.740193672658526,1.9937622033328861
2,iris,BADGE,0,3.8977124618252414,1.9402885421409788
3,iris,BADGE,0,5.537370848075289,1.988867803585799
4,iris,BADGE,0,6.776737772459992,1.9841325986646545
5,iris,BADGE,0,8.307122559391502,1.951448822459139
6,iris,BADGE,0,9.721334068723007,1.9618886444332906
7,iris,BADGE,0,10.506224722865372,1.9318676609381933
8,iris,BADGE,0,11.454309837854499,1.926515946325021
9,iris,BADGE,0,11.962954204880868,1.889631145833853
0,iris,QBC,0,1.3108481847475577,1.9395538626620334
1,iris,QBC,0,1.8546057171523485,1.8868109203017858
2,iris,QBC,0,2.2849542344879508,1.935803178735144
3,iris,QBC,0,3.491106344096789,1.9845806159344797
4,iris,QBC,0,4.342570794995992,1.9531536361241777
5,iris,QBC,0,5.086102210025378,1.9333719612368168
6,iris,QBC,0,5.722777053912312,1.912096063789276
7,iris,QBC,0,6.735402018164631,1.9249813959362243
8,iris,QBC,0,7.462950979512616,1.898254582794922
9,iris,QBC,0,8.138504010645693,1.8788914949981337
0,iris,P2_Full,1,1.9086844752836774,1.9999240319937188
1,iris,P2_Full,1,3.8162712896214988,1.9998413736818028
2,iris,P2_Full,1,5.6340456562288415,1.9918775830470026
3,iris,P2_Full,1,7.539825189049324,1.9996487367224436
4,iris,P2_Full,1,9.122045339333175,1.9323060159069352
5,iris,P2_Full,1,10.39571163160764,1.9991831514633744
6,iris,P2_Full,1,11.565554051717,1.9834866948898382
7,iris,P2_Full,1,11.570635216461827,1.9998469470007614
8,iris,P2_Full,1,13.051468649694312,1.9917560154365177
9,iris,P2_Full,1,13.060226744209341,1.9996385305806121
0,iris,BADGE,1,1.5062425981032908,1.9909510041061005
1,iris,BADGE,1,3.1761283895432246,1.9460960104150764
2,iris,BADGE,1,4.581124125594488,1.993457639502477
3,iris,BADGE,1,5.872559992084432,1.9617043157130052
4,iris,BADGE,1,6.975798760914485,1.9465127492301182
5,iris,BADGE,1,8.575518353416115,1.948305283512357
6,iris,BADGE,1,10.087586977473967,1.9657837805634346
7,iris,BADGE,1,11.469467525145669,1.9136975824878792
8,iris,BADGE,1,11.892582454834818,1.977360517930438
9,iris,BADGE,1,11.92262495262113,1.89514204355533
0,iris,QBC,1,0.9636969656950061,1.9195532652753096
1,iris,QBC,1,2.393052485451679,1.8859317464859229
2,iris,QBC,1,3.8978472190199,1.9574158917096527
3,iris,QBC,1,5.242338508263861,1.969106410789464
4,iris,QBC,1,6.800137446550176,1.9621368609619967
5,iris,QBC,1,8.161372013540658,1.9064009811237455
6,iris,QBC,1,9.453278393574134,1.9700298082013823
7,iris,QBC,1,10.782460103603373,1.9178681402938969
8,iris,QBC,1,11.981294567973643,1.9668000823504428
9,iris,QBC,1,13.070906465721922,1.9416728979586617
0,iris,P2_Full,2,1.8075552421024588,1.9816886374893308
1,iris,P2_Full,2,3.716077374017237,1.9999126896405945
2,iris,P2_Full,2,5.624878697856243,1.999940293713048
3,iris,P2_Full,2,6.260177241388178,1.9998314291765247
4,iris,P2_Full,2,6.896133683086348,1.9998688699427147
5,iris,P2_Full,2,6.8967703330910375,1.9992567044482434
6,iris,P2_Full,2,8.161874751040664,1.9975548998046833
7,iris,P2_Full,2,8.162657107150142,1.9976300405954148
8,iris,P2_Full,2,8.173320467900474,1.9996089246083066
9,iris,P2_Full,2,8.801873544055013,1.9994160374663632
0,iris,BADGE,2,1.5400491546954744,1.9446932837163022
1,iris,BADGE,2,3.197800634382352,1.9946301435451659
2,iris,BADGE,2,4.715940066305545,1.9730556431782766
3,iris,BADGE,2,5.37987720909534,1.98750838862387
4,iris,BADGE,2,6.611046063899831,1.943087326538768
5,iris,BADGE,2,7.687635520234797,1.9860179822942527
6,iris,BADGE,2,8.797409456048438,1.9420219793164684
7,iris,BADGE,2,9.851579369283323,1.9570900826480748
8,iris,BADGE,2,10.707485416540944,1.9167802371111522
9,iris,BADGE,2,12.20197174463377,1.9450528132461453
0,iris,QBC,2,1.0695497160645493,1.8850512170945388
1,iris,QBC,2,2.484894155735081,1.9282118944148297
2,iris,QBC,2,3.3125945419999425,1.7639447511160116
3,iris,QBC,2,4.868311138264437,1.9612364053964313
4,iris,QBC,2,4.868311138264437,1.9830724929573924
5,iris,QBC,2,6.016788608113717,1.945524353028144
6,iris,QBC,2,6.348812609790699,1.9791604299976309
7,iris,QBC,2,6.5034187560323495,1.9230228867491903
8,iris,QBC,2,7.9388277010997825,1.9008304232532343
9,iris,QBC,2,8.451258937727946,1.9171930465196236
0,iris,P2_Full,3,0.6364005553373342,1.999987633351069
1,iris,P2_Full,3,1.272420269969702,1.9999064544355278
2,iris,P2_Full,3,1.9087801999674716,1.9998029362473029
3,iris,P2_Full,3,2.5454634043554423,1.9996249839894313
4,iris,P2_Full,3,2.549329904843537,1.9991488243919162
5,iris,P2_Full,3,2.9807796643057562,1.9427325384065952
6,iris,P2_Full,3,4.056561963129759,1.9631569638432367
7,iris,P2_Full,3,4.694909768924119,1.9303365426894237
8,iris,P2_Full,3,5.968197753457785,1.9999861668670198
9,iris,P2_Full,3,7.243765498240405,1.999924907142433
0,iris,BADGE,3,0.9548903639301337,1.9901885032790083
1,iris,BADGE,3,1.9978245688852225,1.9926320894462801
2,iris,BADGE,3,3.0160813646988887,1.937698683556879
3,iris,BADGE,3,3.5686162442263574,1.9646486113789996
4,iris,BADGE,3,3.951434329846056,1.986667579706144
5,iris,BADGE,3,4.932529262440206,1.9597500956510103
6,iris,BADGE,3,5.566025016505676,1.970503229344538
7,iris,BADGE,3,6.39297418254446,1.916786166788209
8,iris,BADGE,3,6.7853547362533035,1.9339938426033179
9,iris,BADGE,3,7.541382383479644,1.9828022431652415
0,iris,QBC,3,0.31744447202385373,1.886531265553491
1,iris,QBC,3,0.5247860142418014,1.8947645656416479
2,iris,QBC,3,0.6539436155348743,1.9552210531692182
3,iris,QBC,3,0.6539436155348743,1.972688918859312
4,iris,QBC,3,0.9782872125181061,1.9561147844136677
5,iris,QBC,3,1.4090343875890468,1.9641568975425343
6,iris,QBC,3,1.9973502304508055,1.9365387007333934
7,iris,QBC,3,2.0272626565986727,1.9421758419347233
8,iris,QBC,3,2.70308017921196,1.9650277067325161
9,iris,QBC,3,3.2322241930087925,1.974997117973274
0,iris,P2_Full,4,0.6344879093318676,1.9997870917421885
1,iris,P2_Full,4,1.2672778314646038,1.9995767910749134
2,iris,P2_Full,4,1.9003925862494295,1.9994585554175845
3,iris,P2_Full,4,2.3012604390812172,1.9348207297052566
4,iris,P2_Full,4,2.9563555958050545,1.9996588499702073
5,iris,P2_Full,4,3.5787756740207906,1.998264596417257
6,iris,P2_Full,4,4.213406718228576,1.9771080394056915
7,iris,P2_Full,4,4.8574742778209785,1.99996279879033
8,iris,P2_Full,4,5.499745848381698,1.9951287478517774
9,iris,P2_Full,4,6.1390978369889435,1.9999710414180063
0,iris,BADGE,4,0.0,1.9545465297634987
1,iris,BADGE,4,0.0,1.9903804474991007
2,iris,BADGE,4,0.5595720155794349,1.9861189598583902
3,iris,BADGE,4,0.5595720155794349,1.9946802920508786
4,iris,BADGE,4,1.1679101499401008,1.984831143997818
5,iris,BADGE,4,2.180585215429364,1.9849016556161725
6,iris,BADGE,4,2.664467737454075,1.976982896082074
7,iris,BADGE,4,3.3319971691717774,1.9420433772505252
8,iris,BADGE,4,3.5658069141864175,1.961907974218694
9,iris,BADGE,4,4.129443475685469,1.9542568041835462
0,iris,QBC,4,0.23812857156357192,1.8868963210767415
1,iris,QBC,4,0.6890483124165787,1.9154583849401619
2,iris,QBC,4,1.5457439066689291,1.9523311571017106
3,iris,QBC,4,2.258990931768972,1.9702620691314567
4,iris,QBC,4,2.7554659398004357,1.9500234585283707
5,iris,QBC,4,3.1968099764962767,1.9799241076834242
6,iris,QBC,4,3.6835379020595083,1.925560820250296
7,iris,QBC,4,4.607616513347327,1.8991734481000353
8,iris,QBC,4,4.607616513347327,1.9159834330823955
9,iris,QBC,4,5.005455203249441,1.9633527788540095
0,ecoli,P2_Full,0,0.6112455692283856,1.999703826809738
1,ecoli,P2_Full,0,1.4475668356294855,1.9999029789166969
2,ecoli,P2_Full,0,1.782548319868637,1.999578168429719
3,ecoli,P2_Full,0,2.4489109653704273,1.9997858329833142
4,ecoli,P2_Full,0,3.7077493064600535,1.9999680201748735
5,ecoli,P2_Full,0,4.806694316175664,1.9999307936871038
6,ecoli,P2_Full,0,5.1923277346676855,1.9999429429392306
7,ecoli,P2_Full,0,5.760272993152609,1.9999201060882836
8,ecoli,P2_Full,0,6.509250602330706,1.9999568861844834
9,ecoli,P2_Full,0,7.493056500422159,1.9999710772526493
0,ecoli,BADGE,0,0.480684907194292,1.999848500897359
1,ecoli,BADGE,0,1.4032226432542365,1.9999862428174493
2,ecoli,BADGE,0,2.3887669920215497,1.9999299843536271
3,ecoli,BADGE,0,2.9931161096409182,1.9997528548825239
4,ecoli,BADGE,0,3.7738554813252043,1.9999461498127566
5,ecoli,BADGE,0,4.972323187496095,1.999789311632285
6,ecoli,BADGE,0,6.746282848241155,1.9996051815095839
7,ecoli,BADGE,0,7.772090246456639,1.9999523649740798
8,ecoli,BADGE,0,7.982403606463816,1.9998623581844397
9,ecoli,BADGE,0,9.031184393902086,1.9999224659178927
0,ecoli,QBC,0,0.686658675739074,1.9995938856713427
1,ecoli,QBC,0,0.686658675739074,1.999598029484553
2,ecoli,QBC,0,1.5091851995297128,1.9995070606088774
3,ecoli,QBC,0,2.2170579683294998,1.9999342977587882
4,ecoli,QBC,0,2.2170579683294998,1.9998112497000944
5,ecoli,QBC,0,3.6370358587380807,1.9999193728227909
6,ecoli,QBC,0,4.3462513378856436,1.9997139057978928
7,ecoli,QBC,0,5.040856842299878,1.9992221976916043
8,ecoli,QBC,0,6.09633748398289,1.997556879312634
9,ecoli,QBC,0,7.268958086756497,1.9999548621935457
0,ecoli,P2_Full,1,1.1488567677263335,1.9482302693314768
1,ecoli,P2_Full,1,2.6609186499852227,1.9963143246003756
2,ecoli,P2_Full,1,3.958044225319611,1.999698417063617
3,ecoli,P2_Full,1,4.903226274776022,1.9998187084408656
4,ecoli,P2_Full,1,6.499478724191893,1.9902835887486852
5,ecoli,P2_Full,1,6.768870910314927,1.946354152126738
6,ecoli,P2_Full,1,6.961015869885936,1.907299790222934
7,ecoli,P2_Full,1,7.4140426490804945,1.933270259101169
8,ecoli,P2_Full,1,8.716737458581711,1.9345086087180625
9,ecoli,P2_Full,1,8.738405484034653,1.8897117389815363
0,ecoli,BADGE,1,0.6297439657369377,1.996017324201912
1,ecoli,BADGE,1,0.9103846009946394,1.8678853854703077
2,ecoli,BADGE,1,1.5919959696663033,1.9099277703739703
3,ecoli,BADGE,1,2.0779036470777807,1.9980368839867284
4,ecoli,BADGE,1,2.4048331139865162,1.95478089281173
5,ecoli,BADGE,1,4.187224002075557,1.9983889940239068
6,ecoli,BADGE,1,5.499009790708261,1.9988233753659508
7,ecoli,BADGE,1,6.197481371104913,1.9712317473559695
8,ecoli,BADGE,1,7.81316767393673,1.9985944387633314
9,ecoli,BADGE,1,8.636166627499454,1.998648750280281
0,ecoli,QBC,1,1.0345470108382402,1.9462734934354087
1,ecoli,QBC,1,2.315479261641811,1.9958862470182182
2,ecoli,QBC,1,3.4324809682760464,1.9995333218074611
3,ecoli,QBC,1,4.340750378876097,1.9997887074003788
4,ecoli,QBC,1,5.901102010053956,1.9884513812255404
5,ecoli,QBC,1,6.629663241005788,1.950549085168822
6,ecoli,QBC,1,7.863339623033203,1.941300060111539
7,ecoli,QBC,1,8.595842907652997,1.961867009358843
8,ecoli,QBC,1,9.576705369408923,1.963282042991085
9,ecoli,QBC,1,11.127019544305943,1.9649035283383292
0,ecoli,P2_Full,2,0.5045483951606313,1.999897759632468
1,ecoli,P2_Full,2,1.7279392950946617,1.995711127074996
2,ecoli,P2_Full,2,2.6644646142451966,1.9998793285340237
3,ecoli,P2_Full,2,3.457982121682039,1.999509581374736
4,ecoli,P2_Full,2,4.504233697428282,1.9999307247919587
5,ecoli,P2_Full,2,5.465046322036425,1.9987837924260035
6,ecoli,P2_Full,2,6.444881172953895,1.9997658177388686
7,ecoli,P2_Full,2,7.19483685213714,1.9998323457143572
8,ecoli,P2_Full,2,7.644831795611619,1.999919240211365
9,ecoli,P2_Full,2,8.180803253955705,1.9999598874732145
0,ecoli,BADGE,2,0.09791143045815631,1.9999695961887856
1,ecoli,BADGE,2,0.982235444831733,1.9998433904313275
2,ecoli,BADGE,2,1.3950310849839662,1.9999387210858133
3,ecoli,BADGE,2,2.0306710492694435,1.9997234401503192
4,ecoli,BADGE,2,2.6327776207143003,1.9998807162659193
5,ecoli,BADGE,2,3.478417722845455,1.999962535471061
6,ecoli,BADGE,2,4.900026240965066,1.999851437987094
7,ecoli,BADGE,2,5.886217153481696,1.9998586995550474
8,ecoli,BADGE,2,7.403965214794193,1.9997986780207875
9,ecoli,BADGE,2,8.470073943899548,1.9999173521593494
0,ecoli,QBC,2,1.1109582267543199,1.9995986946383615
1,ecoli,QBC,2,2.3585848241254252,1.999827446244198
2,ecoli,QBC,2,2.7549647436912608,1.9997819115900644
3,ecoli,QBC,2,3.501492459467734,1.9998994636943979
4,ecoli,QBC,2,4.263066543177282,1.9995499042167826
5,ecoli,QBC,2,5.168216763887925,1.9998190108551779
6,ecoli,QBC,2,6.115509987111251,1.9999087447792785
7,ecoli,QBC,2,6.813408556499407,1.999911394405025
8,ecoli,QBC,2,7.431120952441955,1.9999305357717054
9,ecoli,QBC,2,8.3658250612206,1.9999588230599208
0,ecoli,P2_Full,3,0.8401201577862873,1.9420897926075231
1,ecoli,P2_Full,3,1.4748189134544385,1.9930963978728438
2,ecoli,P2_Full,3,1.8574510529930515,1.9917920987243392
3,ecoli,P2_Full,3,2.6711247416331743,1.9953438968152024
4,ecoli,P2_Full,3,3.3997778983648557,1.9937561046853354
5,ecoli,P2_Full,3,3.934151897522863,1.995481492568257
6,ecoli,P2_Full,3,4.644842945601376,1.9961177789408844
7,ecoli,P2_Full,3,5.164203849803725,1.9967108627979773
8,ecoli,P2_Full,3,5.795444955265798,1.9900561976976778
9,ecoli,P2_Full,3,6.528503059140166,1.9943833805163313
0,ecoli,BADGE,3,0.2295171799110033,1.9508872980105936
1,ecoli,BADGE,3,1.0749894310851795,1.9969122115842317
2,ecoli,BADGE,3,2.159006197821259,1.9962168773565534
3,ecoli,BADGE,3,3.776066715274978,1.9897357093169024
4,ecoli,BADGE,3,5.8619866278585455,1.9992013622527063
5,ecoli,BADGE,3,7.176995557978119,1.9950243631666817
6,ecoli,BADGE,3,7.924331437836791,1.9988377600984635
7,ecoli,BADGE,3,8.584063969418402,1.9973111526685345
8,ecoli,BADGE,3,9.584823138905797,1.9954123019479209
9,ecoli,BADGE,3,10.43171198407151,1.9975228923276223
0,ecoli,QBC,3,1.1843399379996173,1.9995830059548154
1,ecoli,QBC,3,1.7124456193144133,1.953138408664077
2,ecoli,QBC,3,2.730215297375537,1.9927746773271477
3,ecoli,QBC,3,2.9541393224804207,1.9935803685142541
4,ecoli,QBC,3,3.8090268432469374,1.9888507447634531
5,ecoli,QBC,3,4.638630683325517,1.9931679702549665
6,ecoli,QBC,3,4.965569398225834,1.9919997192018144
7,ecoli,QBC,3,5.179490289384818,1.9948001552159242
8,ecoli,QBC,3,5.950350602281245,1.9960792341946307
9,ecoli,QBC,3,6.629850569303049,1.9949726444277032
0,ecoli,P2_Full,4,1.806311770115503,1.999771440133207
1,ecoli,P2_Full,4,3.4488936953069804,1.9998369804490992
2,ecoli,P2_Full,4,4.379536481523003,1.9998455215349769
3,ecoli,P2_Full,4,5.447586392437525,1.9997249314521486
4,ecoli,P2_Full,4,6.6378092477137685,1.9997943605381059
5,ecoli,P2_Full,4,7.481098669687229,1.9998934701990352
6,ecoli,P2_Full,4,8.568371476951565,1.9997982152285472
7,ecoli,P2_Full,4,9.576510367836871,1.9999310964495731
8,ecoli,P2_Full,4,10.802683417646131,1.9998173255752356
9,ecoli,P2_Full,4,12.34643727146908,1.9999214991605945
0,ecoli,BADGE,4,1.3556866093940498,1.9998583205741083
1,ecoli,BADGE,4,2.1325113761089964,1.9998699837579572
2,ecoli,BADGE,4,2.450834282958124,1.9999718199520533
3,ecoli,BADGE,4,2.920333990483144,1.9999741645904698
4,ecoli,BADGE,4,3.8387199461744537,1.9996756864413723
5,ecoli,BADGE,4,4.49912716496629,1.9999293163373046
6,ecoli,BADGE,4,5.636235702952678,1.9998182356168028
7,ecoli,BADGE,4,6.440636661993858,1.999856912893583
8,ecoli,BADGE,4,7.965778092319859,1.999892865906597
9,ecoli,BADGE,4,9.263198702392913,1.9999433557682071
0,ecoli,QBC,4,1.3588806818527286,1.9994235557287274
1,ecoli,QBC,4,2.626178711554768,1.9998000927843556
2,ecoli,QBC,4,4.147365717788805,1.9998662908661053
3,ecoli,QBC,4,5.146051386561047,1.9997434448061633
4,ecoli,QBC,4,5.882099712944926,1.9998420628099185
5,ecoli,QBC,4,6.724333243495694,1.999907904310131
6,ecoli,QBC,4,8.03315721768988,1.9998664501650574
7,ecoli,QBC,4,9.262977603757925,1.9999133287610922
8,ecoli,QBC,4,10.232315225757821,1.999947468046642
9,ecoli,QBC,4,11.48980445929627,1.999916428689236
0,segment,P2_Full,0,3.279314815406323,1.8357838975566616
1,segment,P2_Full,0,7.475357447530674,1.9091003731249698
2,segment,P2_Full,0,13.469987932388111,1.9299035978948773
3,segment,P2_Full,0,23.58812913218277,1.9475516389751277
4,segment,P2_Full,0,33.99749025414982,1.9764089448310822
5,segment,P2_Full,0,40.77272970856919,1.9844127401029217
6,segment,P2_Full,0,45.77825640328997,1.9135781699635313
7,segment,P2_Full,0,51.07003942263,1.9713181037556717
8,segment,P2_Full,0,57.70055797648426,1.9628089082370903
9,segment,P2_Full,0,62.3124122071631,1.9514218362821003
0,segment,BADGE,0,6.803926784982708,1.919536575600812
1,segment,BADGE,0,12.325875004592886,1.9167061951985673
2,segment,BADGE,0,17.439736766339642,1.940450162535069
3,segment,BADGE,0,27.381702011242634,1.961610956214625
4,segment,BADGE,0,33.10205801032852,1.9653538131290371
5,segment,BADGE,0,40.26638631190622,1.963069244794236
6,segment,BADGE,0,44.20966454202764,1.949891590909029
7,segment,BADGE,0,48.23139802008559,1.9553659761735112
8,segment,BADGE,0,60.96391010390025,1.9642801293314773
9,segment,BADGE,0,67.22662197868908,1.9731743747532002
0,segment,QBC,0,3.737465008464058,1.8333535916446735
1,segment,QBC,0,8.030622069108855,1.905148549859178
2,segment,QBC,0,12.732922266893846,1.91856520408473
3,segment,QBC,0,15.577153342064392,1.867829524349695
4,segment,QBC,0,21.454031952017246,1.9306641516032743
5,segment,QBC,0,30.371528763016045,1.9719196572620121
6,segment,QBC,0,36.57082189873435,1.9451696213049474
7,segment,QBC,0,45.64859577404425,1.9683930453757055
8,segment,QBC,0,53.24576335484998,1.942594013228701
9,segment,QBC,0,56.99804650015253,1.9504427422605763
0,segment,P2_Full,1,2.485661172982744,1.809529249787564
1,segment,P2_Full,1,7.609835517187173,1.9016769332513597
2,segment,P2_Full,1,12.736096512663712,1.9332934412628775
3,segment,P2_Full,1,17.100439655122177,1.9487467643350935
4,segment,P2_Full,1,20.67335182349541,1.951970997743429
5,segment,P2_Full,1,26.505720020990527,1.9668492774594795
6,segment,P2_Full,1,32.30861631676885,1.9408992250715529
7,segment,P2_Full,1,36.599178261655055,1.964363940285695
8,segment,P2_Full,1,42.83277346106084,1.97145108986311
9,segment,P2_Full,1,47.12511128154886,1.974062189998064
0,segment,BADGE,1,7.27866286595747,1.9620924126658184
1,segment,BADGE,1,12.743365709777692,1.9267670790776819
2,segment,BADGE,1,18.560666408641698,1.9511389916647643
3,segment,BADGE,1,22.950904796748468,1.9396040337858822
4,segment,BADGE,1,27.397208035369303,1.9390423032276611
5,segment,BADGE,1,35.8039695705138,1.9516013367876888
6,segment,BADGE,1,42.05488410773842,1.9329763449737314
7,segment,BADGE,1,51.12417774533197,1.9533025631123946
8,segment,BADGE,1,56.04825814304593,1.9637686673075896
9,segment,BADGE,1,59.491845509035535,1.9645126341638188
0,segment,QBC,1,2.498710490603557,1.8154325208490996
1,segment,QBC,1,9.166974833971578,1.9044672982840876
2,segment,QBC,1,16.138428210006797,1.9353068188604319
3,segment,QBC,1,19.625493935450667,1.9446608755777886
4,segment,QBC,1,23.31043979204016,1.939137437147437
5,segment,QBC,1,27.468490119925058,1.9300397533474896
6,segment,QBC,1,31.893197051663723,1.905779530023128
7,segment,QBC,1,36.313274185675574,1.970164753819742
8,segment,QBC,1,42.6550113058556,1.9754974105533014
9,segment,QBC,1,50.43874287160737,1.973547928770078
0,segment,P2_Full,2,2.1447135858258557,1.8213829356684277
1,segment,P2_Full,2,9.03806498415073,1.9269403055663332
2,segment,P2_Full,2,15.082551067943822,1.9497030666937079
3,segment,P2_Full,2,20.374067994499175,1.9496519537579255
4,segment,P2_Full,2,25.411692780297383,1.899542378416314
5,segment,P2_Full,2,33.88684728637813,1.9685512218321037
6,segment,P2_Full,2,39.99118364190713,1.9353951636332627
7,segment,P2_Full,2,52.46223655956383,1.9692110721241036
8,segment,P2_Full,2,59.144101451808886,1.9640763378598505
9,segment,P2_Full,2,65.49477407749309,1.97054817880318
0,segment,BADGE,2,4.3819381121600856,1.8970627787440373
1,segment,BADGE,2,13.202345664679767,1.951680539454524
2,segment,BADGE,2,18.66321419207874,1.9404819452621376
3,segment,BADGE,2,23.26612963909583,1.9361578906783112
4,segment,BADGE,2,31.0966022351755,1.9482245011799475
5,segment,BADGE,2,37.14567584074533,1.9326161294073918
6,segment,BADGE,2,44.99330512069578,1.9716912263935549
7,segment,BADGE,2,51.1821868999762,1.9592995356188965
8,segment,BADGE,2,57.4442387962843,1.9658299654433835
9,segment,BADGE,2,66.25194264823773,1.9751633895799503
0,segment,QBC,2,1.724486802081234,1.8144246750434965
1,segment,QBC,2,5.19929363850332,1.9048576722597108
2,segment,QBC,2,11.715195894153762,1.9194710798261612
3,segment,QBC,2,15.141941035271872,1.926336964653467
4,segment,QBC,2,16.607196956894654,1.8430837765603665
5,segment,QBC,2,23.077833500844857,1.9379491842859538
6,segment,QBC,2,30.072861624480296,1.9658533728575298
7,segment,QBC,2,34.54881663063906,1.9606454909089286
8,segment,QBC,2,41.3110802325308,1.9625265807407248
9,segment,QBC,2,48.68420938872817,1.9734238205112677
0,segment,P2_Full,3,4.672156455176348,1.823724128812338
1,segment,P2_Full,3,11.271746149628017,1.8962062462776093
2,segment,P2_Full,3,19.97119986425828,1.9247539383196943
3,segment,P2_Full,3,26.83976661473846,1.936975160458083
4,segment,P2_Full,3,33.43208226245604,1.9579699032273195
5,segment,P2_Full,3,39.99324656212935,1.9491443621310889
6,segment,P2_Full,3,48.266631804159495,1.9661054813556982
7,segment,P2_Full,3,53.5321066816277,1.9096770684423958
8,segment,P2_Full,3,61.7997894779427,1.9737392245820242
9,segment,P2_Full,3,71.27306404114805,1.9668259343458898
0,segment,BADGE,3,8.56675384521874,1.9588940069576106
1,segment,BADGE,3,18.203970475796396,1.9191763881534567
2,segment,BADGE,3,27.11785690131712,1.9229550255503038
3,segment,BADGE,3,37.22399094376745,1.949547857613053
4,segment,BADGE,3,45.20136651053224,1.9347512280047987
5,segment,BADGE,3,51.30503191416773,1.963232592484655
6,segment,BADGE,3,58.94155020234076,1.962311656290565
7,segment,BADGE,3,69.2182278114533,1.9617019721441529
8,segment,BADGE,3,78.99612954879296,1.9665697695225897
9,segment,BADGE,3,86.32318977253374,1.9660733150793492
0,segment,QBC,3,4.883143709505822,1.820020271268845
1,segment,QBC,3,14.163411592704772,1.9334784355754633
2,segment,QBC,3,24.012016540796495,1.9216210535086007
3,segment,QBC,3,34.12991196787658,1.9236117149550225
4,segment,QBC,3,39.76611199431751,1.9491069233319613
5,segment,QBC,3,44.54502862719127,1.9441664419476958
6,segment,QBC,3,52.5080340353683,1.9519653778973007
7,segment,QBC,3,65.01988188284098,1.964585069755653
8,segment,QBC,3,73.78126924728541,1.955107061188883
9,segment,QBC,3,85.53847150377985,1.9671440201399835
0,segment,P2_Full,4,1.7216109473976617,1.8131072962241053
1,segment,P2_Full,4,4.974020661689019,1.8690725201835996
2,segment,P2_Full,4,10.937730926592973,1.9258637680023654
3,segment,P2_Full,4,15.892160447872584,1.9451998372096109
4,segment,P2_Full,4,20.496872960529434,1.9286040794112265
5,segment,P2_Full,4,27.046074946531164,1.9522310228198774
6,segment,P2_Full,4,38.16064286322843,1.9704691682606725
7,segment,P2_Full,4,43.840677178459394,1.9651647123143494
8,segment,P2_Full,4,54.809170053163285,1.9795208214490563
9,segment,P2_Full,4,65.19185811072644,1.9658896317004584
0,segment,BADGE,4,5.717097729673591,1.8951650220321226
1,segment,BADGE,4,11.770566303827064,1.9173967039122175
2,segment,BADGE,4,20.148148629679017,1.9499856266697733
3,segment,BADGE,4,26.163033749354035,1.9310172302947848
4,segment,BADGE,4,33.59274078599144,1.950022131257075
5,segment,BADGE,4,40.68068809988607,1.964749500530966
6,segment,BADGE,4,49.63619153093795,1.9637776889206608
7,segment,BADGE,4,60.26333745910652,1.9650952520547194
8,segment,BADGE,4,68.37307870231245,1.9687901349483874
9,segment,BADGE,4,76.2178506307468,1.9740103407145886
0,segment,QBC,4,1.5894429204967597,1.8214969763332582
1,segment,QBC,4,4.690007375273493,1.8599560317193677
2,segment,QBC,4,10.134428737813863,1.9159826581049082
3,segment,QBC,4,16.96539061931645,1.9405461444118206
4,segment,QBC,4,20.281142140579952,1.930124462346693
5,segment,QBC,4,24.376810923451977,1.9465686829438007
6,segment,QBC,4,27.662622280793492,1.9469146095310865
7,segment,QBC,4,30.876437939464104,1.9505690288335626
8,segment,QBC,4,35.072726633362485,1.940380436289377
9,segment,QBC,4,46.40241111190945,1.9746895250618155
