dataset,alpha_mode,alpha_value,seed,budget_frac,ACC,NMI,ARI,error
iris,lambda2_n,0.020316,0,0.1,0.78,0.6152170261835382,0.5518147720362261,
iris,lambda2_n,0.020316,1,0.1,0.8466666666666667,0.6735735454651065,0.6412050161871702,
iris,lambda2_n,0.020316,3,0.1,0.7866666666666666,0.5454224330294655,0.5162518787139702,
iris,lambda2_n,0.041024,2,0.1,0.8466666666666667,0.672843838367481,0.6410058621782706,
iris,lambda2_n,0.020316,4,0.1,0.74,0.44164559452280494,0.4176896277353824,
iris,inv_Rinf,1.0,1,0.1,0.8466666666666667,0.6735735454651065,0.6412050161871702,
iris,inv_Rinf,1.0,0,0.1,0.78,0.6152170261835382,0.5518147720362261,
iris,inv_Rinf,1.0,3,0.1,0.7866666666666666,0.5454224330294655,0.5162518787139702,
iris,inv_Rinf,1.0,2,0.1,0.8466666666666667,0.672843838367481,0.6410058621782706,
iris,inv_Rinf,1.0,4,0.1,0.7466666666666667,0.4467594056142273,0.42599596366213793,
iris,min_both,0.020316,0,0.1,0.7866666666666666,0.6198221368971627,0.5590013112007007,
iris,min_both,0.020316,1,0.1,0.8466666666666667,0.6735735454651065,0.6412050161871702,
iris,min_both,0.041024,2,0.1,0.86,0.6882209890713717,0.663709048759882,
iris,min_both,0.020316,3,0.1,0.7866666666666666,0.5454224330294655,0.5162518787139702,
iris,min_both,0.020316,4,0.1,0.76,0.4579567029466045,0.4441172802351244,
ecoli,lambda2_n,0.002976,0,0.1,0.6339285714285714,0.6080387827168167,0.5050626190885654,
ecoli,lambda2_n,0.010554,1,0.1,0.7648809523809523,0.6340872502255682,0.7249409046288419,
ecoli,lambda2_n,0.002976,2,0.1,0.8244047619047619,0.6967244424882701,0.7588739813656783,
ecoli,lambda2_n,0.002976,3,0.1,0.6726190476190477,0.6352997642884881,0.5137629363621169,
ecoli,lambda2_n,0.002976,4,0.1,0.7142857142857143,0.6413016701293454,0.5681524272282613,
ecoli,inv_Rinf,1.0,0,0.1,0.6339285714285714,0.5830711891892407,0.4920129477926986,
ecoli,inv_Rinf,1.0,1,0.1,0.6190476190476191,0.6233137920229703,0.5124458144167391,
ecoli,inv_Rinf,1.0,2,0.1,0.8601190476190477,0.7280529841045721,0.7816639209431443,
ecoli,inv_Rinf,1.0,3,0.1,0.6011904761904762,0.5958922809918528,0.42448533755259377,
ecoli,inv_Rinf,1.0,4,0.1,0.6994047619047619,0.6406708741032616,0.5532338252111524,
ecoli,min_both,0.002976,0,0.1,0.6577380952380952,0.6197764436687826,0.5174618793300283,
ecoli,min_both,0.010554,1,0.1,0.6994047619047619,0.6037946649609353,0.562870491344861,
ecoli,min_both,0.002976,2,0.1,0.7202380952380952,0.6724428188780709,0.567266064735552,
ecoli,min_both,0.002976,3,0.1,0.5922619047619048,0.6259647467017232,0.44144818381976353,
ecoli,min_both,0.002976,4,0.1,0.6994047619047619,0.639382140676918,0.5538541957673085,
