scheme,dataset,alpha,gamma_raw,d_eff,lambda2,r_within,r_cross,r_W,p,w_B,PC,H_norm
B,aggregation,0.0017583252288381384,0.9966319950546519,6.583100202177106,1.1735975996254295,0.9966690162023583,0.009588540478510035,0.15205623679288818,0.1515982379710112,3.413783273892677,0.9591240131368928,0.049617826083156256
B,balance,0.3745877845566012,0.8428159846615962,2.078689821011166,215.25857844968814,0.9198343128746846,0.4898326141407681,0.4802819165114581,0.33292649788643824,2.5009198790412515,0.5977784825618502,0.6315612499932096
B,compound,0.002725388400974375,0.9877874914370843,5.730693424040065,0.16612466334284967,0.9880414381675495,0.019574197969765523,0.1733200375858742,0.17202143812496776,3.2126772443815286,0.940203441254777,0.0662339813747572
B,ecoli,0.013169134874832768,0.9282715402706038,4.445098720639242,3.9604169449881588,0.9390639212562721,0.1450542561182013,0.2271662535837877,0.1978434504530616,3.074588021143713,0.7017030324217568,0.2951373339442726
B,fashion,0.8088651277655147,0.6553895705547262,1.0499000300990493,1617.7302555310293,0.9912877792441879,0.9737427956461162,0.9530301777871372,0.10973718109054523,4.035029777747441,0.17516129357722798,0.9135920622085626
B,glass,0.04256403732566404,0.9092551895157504,3.1645959989981356,8.203799415644772,0.928239221336,0.20892467569431702,0.31763552268605655,0.29151257480957843,2.6283571092412816,0.7450139253967095,0.29423287839865553
B,iris,0.023921039080467634,0.9759358761503066,2.8463715917662626,3.2924737181708843,0.9782147274491282,0.09332626878977297,0.3477632986188768,0.33753600502634684,2.4936736472152297,0.8909692004603903,0.18547526385618668
B,letter,0.0708617731415384,0.7765441177346452,4.358694498186225,141.72354628307687,0.8651229053419305,0.39398702897946297,0.23674014049509384,0.047321144947473685,7.062873080304941,0.21931464645593826,0.7334501872053119
B,seeds,0.05509590378068819,0.9645383659541371,2.8940616059264643,10.680684980092268,0.968855231327326,0.11917892609426724,0.34214041593199357,0.33074753205926893,2.5058716907025276,0.8701067665225057,0.2225005926124278
B,segment,0.03382541580952258,0.9133360634572444,4.588949250091484,72.19896745358888,0.9288693257483533,0.17896655722982713,0.21812538011169152,0.17326452370260212,3.198243555808539,0.6730447014007214,0.353986738141143
B,shuttle,0.010168549368188685,0.9367474582004329,3.0610775989825996,20.32504435728731,0.9481583846324565,0.17315599871699972,0.3473381294381012,0.3240581697098549,2.586616274998458,0.7810874529605628,0.21943358335820445
B,usps,0.1507024619401544,0.851706786028433,2.8021575282146287,301.4049238803089,0.921824769306744,0.4733071347625208,0.3569093035390916,0.1058598518009004,4.112793842826952,0.33788159840719506,0.7054729519569808
B,wine,0.1550193089384755,0.9409879010453207,2.648627278334241,25.47519014940399,0.9554867494938719,0.24424206889614739,0.37391637598038785,0.33321708824785407,2.500271826399915,0.7528187942095761,0.4171322315188198
C,aggregation,0.0018699734380572407,0.9966319950546519,6.583100202177106,1.1735975996254295,0.9966690162023583,0.009588540478510035,0.15205623679288818,0.1515982379710112,3.413783273892677,0.9591240131368928,0.049617826083156256
C,balance,0.3368815314317862,0.8428159846615962,2.078689821011166,215.25857844968814,0.9198343128746846,0.4898326141407681,0.4802819165114581,0.33292649788643824,2.5009198790412515,0.5977784825618502,0.6315612499932096
C,compound,0.0028732882454328514,0.9877874914370843,5.730693424040065,0.16612466334284967,0.9880414381675495,0.019574197969765523,0.1733200375858742,0.17202143812496776,3.2126772443815286,0.940203441254777,0.0662339813747572
C,ecoli,0.012907306588311487,0.9282715402706038,4.445098720639242,3.9604169449881588,0.9390639212562721,0.1450542561182013,0.2271662535837877,0.1978434504530616,3.074588021143713,0.7017030324217568,0.2951373339442726
C,fashion,0.5634243302330436,0.6553895705547262,1.0499000300990493,1617.7302555310293,0.9912877792441879,0.9737427956461162,0.9530301777871372,0.10973718109054523,4.035029777747441,0.17516129357722798,0.9135920622085626
C,glass,0.041357700860028226,0.9092551895157504,3.1645959989981356,8.203799415644772,0.928239221336,0.208924675694317,0.31763552268605655,0.29151257480957843,2.6283571092412816,0.7450139253967095,0.29423287839865553
C,iris,0.02490412281341904,0.9759358761503066,2.8463715917662626,3.2924737181708843,0.9782147274491282,0.09332626878977297,0.3477632986188768,0.33753600502634684,2.4936736472152297,0.8909692004603903,0.18547526385618668
C,letter,0.05842298258257876,0.7765441177346452,4.358694498186225,141.72354628307687,0.8651229053419305,0.39398702897946297,0.23674014049509384,0.047321144947473685,7.062873080304941,0.21931464645593826,0.7334501872053119
C,seeds,0.056685902900500386,0.9645383659541371,2.8940616059264643,10.680684980092268,0.968855231327326,0.11917892609426724,0.34214041593199357,0.33074753205926893,2.5058716907025276,0.8701067665225057,0.2225005926124278
C,segment,0.032947298172404174,0.9133360634572444,4.588949250091484,72.19896745358888,0.9288693257483533,0.17896655722982713,0.21812538011169152,0.17326452370260212,3.198243555808539,0.6730447014007214,0.353986738141143
C,shuttle,0.01012583390400091,0.9367474582004329,3.0610775989825996,20.32504435728731,0.9481583846324565,0.17315599871699972,0.3473381294381012,0.3240581697098549,2.586616274998458,0.7810874529605628,0.21943358335820445
C,usps,0.13700995413498523,0.851706786028433,2.8021575282146287,301.4049238803089,0.921824769306744,0.4733071347625208,0.3569093035390916,0.1058598518009004,4.112793842826952,0.33788159840719506,0.7054729519569808
C,wine,0.15560590736537455,0.9409879010453207,2.648627278334241,25.47519014940399,0.9554867494938719,0.24424206889614739,0.37391637598038785,0.33321708824785407,2.500271826399915,0.7528187942095761,0.4171322315188198
