dataset,alpha0,seed,budget_frac,ACC,NMI,ARI,error
iris,0.1,0,0.1,0.78,0.6152170261835382,0.5518147720362261,
iris,0.1,1,0.1,0.8466666666666667,0.6735735454651065,0.6412050161871702,
iris,0.1,4,0.1,0.74,0.44164559452280494,0.4176896277353824,
iris,0.1,2,0.1,0.8466666666666667,0.672843838367481,0.6410058621782706,
iris,0.1,3,0.1,0.7866666666666666,0.5454224330294655,0.5162518787139702,
iris,1.0,1,0.1,0.8466666666666667,0.6735735454651065,0.6412050161871702,
iris,1.0,0,0.1,0.78,0.6152170261835382,0.5518147720362261,
iris,1.0,2,0.1,0.8466666666666667,0.672843838367481,0.6410058621782706,
iris,1.0,3,0.1,0.7866666666666666,0.5454224330294655,0.5162518787139702,
iris,1.0,4,0.1,0.74,0.44164559452280494,0.4176896277353824,
iris,10.0,0,0.1,0.78,0.6152170261835382,0.5518147720362261,
iris,10.0,1,0.1,0.8466666666666667,0.6735735454651065,0.6412050161871702,
iris,10.0,2,0.1,0.8466666666666667,0.672843838367481,0.6410058621782706,
iris,10.0,3,0.1,0.7866666666666666,0.5454224330294655,0.5162518787139702,
iris,10.0,4,0.1,0.74,0.44164559452280494,0.4176896277353824,
iris,100.0,1,0.1,0.8466666666666667,0.6735735454651065,0.6412050161871702,
iris,100.0,0,0.1,0.78,0.6152170261835382,0.5518147720362261,
iris,100.0,2,0.1,0.8466666666666667,0.672843838367481,0.6410058621782706,
iris,100.0,4,0.1,0.74,0.44164559452280494,0.4176896277353824,
iris,100.0,3,0.1,0.7866666666666666,0.5454224330294655,0.5162518787139702,
ecoli,0.1,0,0.1,0.6339285714285714,0.6080387827168167,0.5050626190885654,
ecoli,0.1,1,0.1,0.7648809523809523,0.6340872502255682,0.7249409046288419,
ecoli,0.1,2,0.1,0.8244047619047619,0.6967244424882701,0.7588739813656783,
ecoli,0.1,3,0.1,0.6726190476190477,0.6352997642884881,0.5137629363621169,
ecoli,0.1,4,0.1,0.7142857142857143,0.6413016701293454,0.5681524272282613,
ecoli,1.0,0,0.1,0.6339285714285714,0.6080387827168167,0.5050626190885654,
ecoli,1.0,1,0.1,0.7648809523809523,0.6340872502255682,0.7249409046288419,
ecoli,1.0,2,0.1,0.8244047619047619,0.6967244424882701,0.7588739813656783,
ecoli,1.0,3,0.1,0.6726190476190477,0.6352997642884881,0.5137629363621169,
ecoli,1.0,4,0.1,0.7142857142857143,0.6413016701293454,0.5681524272282613,
ecoli,10.0,0,0.1,0.6339285714285714,0.6080387827168167,0.5050626190885654,
ecoli,10.0,1,0.1,0.7648809523809523,0.6340872502255682,0.7249409046288419,
ecoli,10.0,3,0.1,0.6726190476190477,0.6352997642884881,0.5137629363621169,
ecoli,10.0,2,0.1,0.8244047619047619,0.6967244424882701,0.7588739813656783,
ecoli,10.0,4,0.1,0.7142857142857143,0.6413016701293454,0.5681524272282613,
ecoli,100.0,0,0.1,0.6339285714285714,0.6080387827168167,0.5050626190885654,
ecoli,100.0,1,0.1,0.7648809523809523,0.6340872502255682,0.7249409046288419,
ecoli,100.0,2,0.1,0.8244047619047619,0.6967244424882701,0.7588739813656783,
ecoli,100.0,4,0.1,0.7142857142857143,0.6413016701293454,0.5681524272282613,
ecoli,100.0,3,0.1,0.6726190476190477,0.6352997642884881,0.5137629363621169,
