ds,n,c,nu,m,lam2,PR_L,PR_R,PR_L_over_m,maxR,rbar,r_within,r_cross,a_code,a_pr,gain,term_code,term_pr,ratio_code,ratio_pr
iris,150,3,147,147,2.866753643404995,142.33814431269332,2.910184189549721,0.9682866960047164,0.9999999999979827,0.3812977486909383,0.9771176055977658,0.0893443642110445,0.019501725465340104,0.020140445537263803,0.0,0.0038110958583436197,0.003935916783808683,3811095858.34362,3935916783.8086834
wine,178,3,175,175,26.49818898198373,168.3703027586346,2.652696952668875,0.9621160157636264,0.9999999288200098,0.47773434815943505,0.9506876816666966,0.241537149595783,0.15141822275419276,0.1573804201087048,0.0,0.028790287830454994,0.029923925346575064,28790287830.454994,29923925346.575066
seeds,210,3,206,206,11.841315138451392,199.398452431429,2.880500038020734,0.9679536525797524,0.9999999997756898,0.40468927961146384,0.9591846294134511,0.13110843512326367,0.057482112322579576,0.05938519077786471,0.0,0.011027191721207173,0.011392272441782652,11027191721.207172,11392272441.782652
glass,214,6,208,208,7.411108125102321,177.29869209799014,3.2822162614352104,0.8523975581634141,0.9999999999979613,0.3858407897521701,0.9165024762656641,0.17361752456437013,0.03563032752453039,0.041800128570640104,0.0,0.00653105668127775,0.007661984268642958,6531056681.27775,7661984268.642958
ecoli,336,8,328,328,0.010175476334555027,290.915588844154,4.644965904055993,0.8869377708663232,0.99999994680402,0.2868572795622566,0.9366670422828542,0.1475009125853993,0.003048780487804878,0.003437423219474528,0.0,0.0005711384404163746,0.0006439442080119226,571138440.4163746,643944208.0119226
segment,2310,7,2264,2264,79.61486780383814,2007.22655957585,4.677687725667073,0.886584169423962,0.9999999999979943,0.30163685785068484,0.9269022029390569,0.16923794895720193,0.03516557765187197,0.039664116351998485,0.0,0.006519010278628919,0.007352951364859694,6519010278.628919,7352951364.859694
balance,625,3,613,613,223.09670627720095,598.0413486193431,2.0940768381635873,0.975597632331718,0.9999988376100852,0.6268317334286362,0.9162640284133527,0.4824416846816861,0.3639424245957601,0.3730456209963558,0.0,0.06669347041412681,0.06836165669521636,66693470414.12681,68361656695.21636
aggregation,788,7,773,773,1.1013536097930978,644.5973510571744,5.59288602918915,0.8338904929588284,0.9999999999979997,0.1837053470714439,0.9952598404265885,0.009519765531018956,0.0014247782791631278,0.0017085915850985403,0.0,0.0002836049205526328,0.0003400985176678771,283604920.5526328,340098517.6678771
compound,399,6,392,392,0.15097140102517154,376.6347595166619,5.8844282699581045,0.9608029579506682,0.9999999999979999,0.18142157467760195,0.9836983084641175,0.021624047890731107,0.002551020408163265,0.002655092167497517,0.0,0.0005018868920735293,0.0005223619347967269,501886892.0735293,522361934.79672694
letter,7990,26,7831,2000,79.30495493325418,1741.976315363112,5.255416760008625,0.870988157681556,0.9999999999979698,0.3444746883582266,0.3427364051642738,0.34455232411682696,0.03965247746662709,0.045525851433131106,0.0,0.0027180695165538275,0.003120673332446832,2718069516.553828,3120673332.4468317
shuttle,4997,7,4898,2000,6.265169943902421,1677.040774217264,3.9483626959924774,0.838520387108632,0.9999999999979958,0.3290834938814312,0.326838605370264,0.3297542249447804,0.003132584971951211,0.0037358483110385937,0.0,0.00020476994068727625,0.00024420389037094203,204769940.68727624,244203890.37094203
usps,9298,10,9113,2000,291.57508602124375,1831.6396915472958,2.7752969296533734,0.915819845773648,0.9999999998301059,0.5125640388082049,0.5119331445619587,0.5126375755540804,0.14578754301062188,0.15918801463345272,0.0,0.014926695066277893,0.01629872418157571,14926695066.277893,16298724181.57571
fashion,10000,10,9800,2000,1886.3502898121544,1998.9510145759468,1.006245227135648,0.9994755072879734,0.9999991684263599,0.9935702122261978,0.993644963667976,0.9935614813263547,0.9431751449060772,0.9436700929924092,0.0,0.18743624651854743,0.1875346070531996,187436246518.54742,187534607053.19962
