ds,n,c,lambda2,d_eff,r_within,r_cross,gamma,r_W,p,PC,H_norm,gamma_W
iris,150,3,2.917202913648138,2.894491437920759,0.9787179869521121,0.09617191498444769,0.9764588374323878,0.34071160351882007,0.32869739323437125,0.888135455017798,0.18737602288922678,0.9677197215020861
wine,178,3,28.45031792484828,2.6217017087354697,0.9500598712287235,0.26192291653829924,0.9322658929341059,0.37773009899450305,0.3320107256729201,0.743549041232956,0.4323574930209646,0.9197452284105333
seeds,210,3,11.391264684267998,2.882187701172695,0.9616879577702254,0.12637231755651882,0.9561379275300746,0.34355751778022414,0.33231516811585593,0.8679102046715792,0.22114183181389047,0.9416368634443598
glass,214,6,9.89944018435364,3.109504487552412,0.9218330845208881,0.20528627724349424,0.9019409778919824,0.3257438761224384,0.3055008176709837,0.7550462895722628,0.28426161976523984,0.8840694022466301
ecoli,336,8,0.034610716119917145,4.884470823170184,0.9212880425061521,0.16348980861114762,0.9056052011736698,0.2026049572919803,0.16536981031238948,0.6759580014246537,0.3208430289449057,0.9012886295010856
segment,2310,7,78.56032739668584,4.709844256268893,0.9220636433571117,0.18585972191992756,0.9040718802242084,0.21223062780046115,0.16321204342347345,0.6581227763410993,0.37377248935842927,0.9010670389149777
balance,625,3,210.94159543808237,2.0852220210786414,0.918310973394106,0.4867298362720865,0.8408315062648983,0.47871963286900165,0.3338071791063403,0.6010864996929548,0.626377967764224,0.8432915725249082
aggregation,788,7,1.3832889000685784,6.2902180287817036,0.9948817333953272,0.011273904912933622,0.9948231944745956,0.1595433957117189,0.15907394883899284,0.9550637879990943,0.05305527770468753,0.9939101357767294
compound,399,6,0.18031191042981445,5.872341614748814,0.982944160804455,0.024353073271607406,0.9825176751053109,0.16802329834365443,0.16605401784395538,0.9332103434506551,0.07230854289131576,0.9794996192049986
letter,7990,26,122.74645511374565,4.190094265144911,0.8671511119607122,0.4047991996411639,0.7754708975051664,0.24650224258149148,0.04464357178589295,0.21474598851791896,0.7417290557480583,0.8236904002272638
shuttle,4997,7,6.9534167817625985,3.957066873456597,0.9376275742419173,0.14733954017716455,0.9268471611562943,0.2523710824988483,0.23155677838919458,0.7740875782398059,0.2300084915832707,0.9165730159723214
usps,9298,10,302.98654627632396,2.9218122206375234,0.9142138458576411,0.45940143346221773,0.8412502832786592,0.3422812682494289,0.1050756628314157,0.34477845252478456,0.6973242941405613,0.8695701520999689
fashion,10000,10,1298.987776753417,1.0817331370719256,0.9872974593010575,0.9575483127229245,0.6848198402811366,0.9266547989648295,0.10280727863931965,0.17662137509559953,0.9119715392781393,0.8268115633948813
