dataset,A,B,C,nseed
aggregation,0.9419627749576988,0.9384517766497462,0.9384517766497462,30
balance,0.6794666666666667,0.67952,0.67952,30
compound,0.8987468671679198,0.8929824561403509,0.8929824561403509,30
ecoli,0.7307539682539682,0.7046626984126985,0.7046626984126985,30
fashion,0.6731625,0.7317875,0.7317875,8
glass,0.4425233644859813,0.44890965732087224,0.44890965732087224,30
iris,0.788888888888889,0.8071111111111111,0.8071111111111111,30
letter,0.3598247809762203,0.44716833541927403,0.44716833541927403,8
seeds,0.8657142857142858,0.8838095238095238,0.8838095238095238,30
segment,0.7244300144300144,0.6879220779220779,0.6879220779220779,30
shuttle,0.5154592755653392,0.5946317790674405,0.5946317790674405,8
usps,0.7481313185631319,0.7907345665734566,0.7907345665734566,8
wine,0.9264044943820225,0.9318352059925094,0.9318352059925094,30
