dataset,method,seed,eta,budget_frac,budget_count,ACC,NMI,ARI,sel_time,retrain_time,total_time,error
glass,BADGE,0,0.0,0.1,21,0.4532710280373832,0.3354858815286189,0.18131835768956253,0.028137899999819638,0.03049539999983608,0.17302329999984067,
glass,BADGE,0,0.0,0.2,42,0.4158878504672897,0.3714738185585009,0.1786939308167782,0.040448599999763246,0.03426209999997809,0.2818565999996281,
glass,BADGE,3,0.0,0.1,21,0.4158878504672897,0.3040903287569254,0.15154626626535336,0.03211330000021917,0.022895000000062282,0.16082159999996293,
glass,BADGE,3,0.0,0.2,42,0.4766355140186916,0.3653417420678339,0.18123180391738353,0.04325840000001335,0.025097899999764195,0.27365439999994123,
glass,BADGE,2,0.0,0.1,21,0.42990654205607476,0.34594813915361494,0.17576958666978396,0.0279355000002397,0.11149090000026263,0.2363494000001083,
glass,BADGE,2,0.0,0.2,42,0.5607476635514018,0.5649998426743343,0.3137215839197106,0.040310600000339036,0.021775799999886658,0.3486557000001085,
glass,BADGE,1,0.0,0.1,21,0.5046728971962616,0.3888802549029594,0.2098504373858881,0.027036999999836553,0.029186299999764742,0.24343369999996867,
glass,BADGE,1,0.0,0.2,42,0.5747663551401869,0.5422024023220262,0.3093709253592509,0.04217370000014853,0.10718709999991916,0.4332078999996156,
glass,BADGE,4,0.0,0.1,21,0.4953271028037383,0.33498577426521325,0.18586802912029116,0.02612330000010843,0.06288610000001427,0.13910659999964992,
glass,BADGE,4,0.0,0.2,42,0.5560747663551402,0.404629998856381,0.23339729282882402,0.039760799999839946,0.02873219999992216,0.23836979999987307,
glass,CoreSet,0,0.0,0.1,21,0.4205607476635514,0.32696333824274115,0.14251266387793424,0.0057488000002194894,0.03327950000038982,0.08017270000027565,
glass,CoreSet,0,0.0,0.2,42,0.40186915887850466,0.35420164795049885,0.12845861504198183,0.008714100000361213,0.019434499999988475,0.14102249999996275,
glass,CoreSet,1,0.0,0.1,21,0.5420560747663551,0.424083556637228,0.2577016133235886,0.005591899999672023,0.031454500000108965,0.07639370000015333,
glass,CoreSet,1,0.0,0.2,42,0.5046728971962616,0.38149629099544363,0.19822174638769172,0.008547599999928934,0.025592200000119192,0.17207850000022518,
glass,CoreSet,4,0.0,0.1,21,0.5186915887850467,0.3799496604887133,0.22815303994425318,0.003928299999643059,0.05072440000003553,0.10430419999966034,
glass,CoreSet,4,0.0,0.2,42,0.5560747663551402,0.4073566096149097,0.23151785395450214,0.008128899999974237,0.04002730000001975,0.19360499999993408,
glass,CoreSet,2,0.0,0.1,21,0.4485981308411215,0.3213941770905446,0.16148484597604038,0.005007299999761017,0.09860710000020845,0.13643390000015643,
glass,CoreSet,2,0.0,0.2,42,0.5233644859813084,0.46821302132611764,0.2792819998335453,0.006485100000190869,0.01666079999995418,0.23484529999996084,
glass,Random,0,0.0,0.1,21,0.4439252336448598,0.2889468915652786,0.15727019350716254,0.000888900000063586,0.02783339999996315,0.07704719999992449,
glass,Random,0,0.0,0.2,42,0.49065420560747663,0.36599527955847944,0.20351740360553844,0.0008238999998866348,0.03581020000001445,0.16750989999991361,
glass,CoreSet,3,0.0,0.1,21,0.4532710280373832,0.34249384634172453,0.17894943595485133,0.004217400000015914,0.016650200000185578,0.12774269999999888,
glass,CoreSet,3,0.0,0.2,42,0.5,0.375217635706838,0.1945499777249526,0.007582000000184053,0.09608220000018264,0.28178879999995843,
glass,Random,1,0.0,0.1,21,0.4252336448598131,0.3161476850384689,0.14875194958748814,0.0007861000003686058,0.027147600000262173,0.07125240000004851,
glass,Random,1,0.0,0.2,42,0.5607476635514018,0.37119381070185264,0.24302421654167766,0.0008708000000297034,0.03522639999982857,0.1708104999997886,
glass,Random,3,0.0,0.1,21,0.3925233644859813,0.276295185608238,0.14052204799872764,0.0008001000001058856,0.020921199999975215,0.06900980000000345,
glass,Random,3,0.0,0.2,42,0.5093457943925234,0.38338550436076635,0.2064578899184055,0.0008907999999792082,0.025823799999670882,0.15922309999996287,
glass,Random,4,0.0,0.1,21,0.43457943925233644,0.2677762517371179,0.15908965155335603,0.0007737999999335443,0.055275900000197,0.11046480000004522,
glass,Random,4,0.0,0.2,42,0.5794392523364486,0.4002601338345209,0.24300177662686995,0.0008311000001413049,0.042820600000140985,0.19109249999974054,
glass,Random,2,0.0,0.1,21,0.4719626168224299,0.2747621119765922,0.16201547015345966,0.0008265999999821361,0.10525409999991098,0.17434839999987162,
glass,Random,2,0.0,0.2,42,0.4485981308411215,0.26639144766856904,0.14240086471479535,0.002590399999917281,0.05283839999992779,0.27440149999983987,
glass,QBC,0,0.0,0.1,21,0.45794392523364486,0.32494483643939154,0.15141760545851363,0.004521899999872403,0.031100400000013906,0.08092400000032285,
glass,QBC,0,0.0,0.2,42,0.4485981308411215,0.42833192334359055,0.19607556819782423,0.003265499999997701,0.025581200000033277,0.14465530000006765,
glass,QBC,1,0.0,0.1,21,0.4719626168224299,0.38697883939706845,0.19867102327446576,0.0030389000003196998,0.029111899999861635,0.08119780000015453,
glass,QBC,1,0.0,0.2,42,0.5560747663551402,0.48447006531632547,0.2584295487119739,0.0028340999997453764,0.03214140000000043,0.1665768000002572,
glass,QBC,2,0.0,0.1,21,0.4252336448598131,0.3259947705995902,0.16955242150129698,0.0028806999998778338,0.09715780000033192,0.13351929999998902,
glass,QBC,2,0.0,0.2,42,0.4532710280373832,0.400250795603352,0.19036053216122195,0.0026908999998340732,0.018000900000060938,0.19690369999989343,
glass,QBC,4,0.0,0.1,21,0.514018691588785,0.3833532872206157,0.20439895634014885,0.002866199999971286,0.05842789999996967,0.09209650000002512,
glass,QBC,4,0.0,0.2,42,0.5981308411214953,0.5663085425885592,0.31291245221284003,0.0029527000001507986,0.019035100000110106,0.15968740000016624,
glass,QBC,3,0.0,0.1,21,0.4672897196261682,0.3427284664305912,0.17872228612122892,0.0024075000001175795,0.0128287000002274,0.07911239999975805,
glass,QBC,3,0.0,0.2,42,0.48598130841121495,0.42070510294574553,0.21423649221056792,0.003385200000138866,0.06795830000010028,0.1996169999997619,
glass,BALD,3,0.0,0.1,21,0.37850467289719625,0.2548357207303365,0.13085744603925964,0.004271899999821471,0.01544419999981983,0.061985899999854155,
glass,BALD,3,0.0,0.2,42,0.4766355140186916,0.33961028487650563,0.1891045935735506,0.004445200000191107,0.02384729999994306,0.14865680000002612,
glass,BALD,0,0.0,0.1,21,0.40186915887850466,0.26225109603126384,0.1493865111964583,0.00447600000006787,0.02431029999979728,0.10177969999995184,
glass,BALD,0,0.0,0.2,42,0.48598130841121495,0.3425551967488135,0.24764473649261418,0.004875499999798194,0.07053980000000593,0.2398192000000563,
glass,BALD,1,0.0,0.1,21,0.38317757009345793,0.24314802308187647,0.12281861882962171,0.004380200000014156,0.031029999999645952,0.08461189999979979,
glass,BALD,1,0.0,0.2,42,0.4719626168224299,0.30165767957561845,0.2091049493154097,0.004022699999950419,0.034682599999996455,0.17927559999998266,
glass,BALD,2,0.0,0.1,21,0.40654205607476634,0.2510484371163787,0.13136369260071706,0.005360500000278989,0.11677770000005694,0.18738769999981741,
glass,BALD,2,0.0,0.2,42,0.5093457943925234,0.3363980930217556,0.2578317690418449,0.004765199999837932,0.05369560000008278,0.319284400000015,
glass,Entropy,0,0.0,0.1,21,0.4392523364485981,0.30317141956524857,0.14472525002109646,0.0004808000003322377,0.04269960000010542,0.10508440000012342,
glass,Entropy,0,0.0,0.2,42,0.4392523364485981,0.41293965427619506,0.18631013768511875,0.0003363000000717875,0.042456399999991845,0.1853068999998868,
glass,Entropy,1,0.0,0.1,21,0.49065420560747663,0.3777905629146471,0.19467304467321767,0.0005371000002014625,0.03172549999999319,0.09761769999977332,
glass,Entropy,1,0.0,0.2,42,0.5887850467289719,0.5948686946634273,0.32497970274823235,0.0009750000003805326,0.06466150000005655,0.2038540999997167,
glass,BALD,4,0.0,0.1,21,0.45794392523364486,0.2703170930259986,0.16838585500669032,0.0038085000001046865,0.04740850000007413,0.12810330000002068,
glass,BALD,4,0.0,0.2,42,0.48598130841121495,0.32669700133940804,0.23597743439578822,0.0035845000002154848,0.053445400000327936,0.23914119999972172,
glass,Entropy,2,0.0,0.1,21,0.42990654205607476,0.3426906323180028,0.16812995917091544,0.0004200999997010513,0.09160369999972318,0.12310470000011264,
glass,Entropy,2,0.0,0.2,42,0.4439252336448598,0.41486834879196066,0.20696064956065147,0.00040769999986878247,0.016133600000102888,0.19134519999988697,
glass,Entropy,3,0.0,0.1,21,0.4439252336448598,0.3590506173131023,0.17644304843655312,0.00039680000008956995,0.020118899999943096,0.07579660000010335,
glass,Entropy,3,0.0,0.2,42,0.5186915887850467,0.4784355885336622,0.27536087449792657,0.0006257000000005064,0.041338900000027934,0.18994419999989987,
glass,Entropy,4,0.0,0.1,21,0.5046728971962616,0.3606837952183293,0.19716211080653168,0.00038889999996172264,0.06802060000018173,0.10228509999978996,
glass,Entropy,4,0.0,0.2,42,0.5981308411214953,0.5663085425885592,0.31291245221284003,0.00048580000020592706,0.0209434000003057,0.173779199999899,
ecoli,BADGE,2,0.0,0.1,33,0.6666666666666666,0.6420981889105671,0.5305558090663521,0.12584049999986746,0.14413370000011128,0.41653619999988223,
ecoli,BADGE,2,0.0,0.2,67,0.7857142857142857,0.7369170028907339,0.6514824973526127,0.23233620000019073,0.13640759999998409,0.9003680000000713,
ecoli,BADGE,3,0.0,0.1,33,0.6994047619047619,0.658941146047842,0.5461402727821629,0.13538789999984147,0.08205279999992854,0.35809210000024905,
ecoli,BADGE,3,0.0,0.2,67,0.7202380952380952,0.6704892126408478,0.5934035129952133,0.21510760000001028,0.11518479999995179,0.915488500000265,
ecoli,BADGE,0,0.0,0.1,33,0.5089285714285714,0.5542712660112308,0.3578694292672357,0.13588609999987966,0.17626740000014252,0.4971408999999767,
ecoli,BADGE,0,0.0,0.2,67,0.75,0.6897724697046382,0.5948984905082203,0.22390850000010687,0.1405256999996709,1.0981805999999779,
ecoli,BADGE,1,0.0,0.1,33,0.6904761904761905,0.6137734157661621,0.6529461167565386,0.15507649999972273,0.1624074000001201,0.49909959999968123,
ecoli,BADGE,1,0.0,0.2,67,0.7827380952380952,0.6678930846099512,0.7358587457176822,0.23439090000010765,0.17321020000008502,1.0114300000000185,
ecoli,CoreSet,0,0.0,0.1,33,0.6845238095238095,0.6561582353213473,0.5291626321798297,0.016957599999841477,0.14557060000015554,0.3084780999997747,
ecoli,CoreSet,0,0.0,0.2,67,0.7410714285714286,0.6872537116046167,0.5868349848938196,0.02623299999959272,0.13357120000000577,0.5726184000000103,
ecoli,CoreSet,2,0.0,0.1,33,0.8422619047619048,0.7232521418594878,0.7727833683853286,0.014451500000177475,0.12236949999987701,0.2590397000003577,
ecoli,CoreSet,2,0.0,0.2,67,0.7619047619047619,0.6936503047306816,0.606021766530814,0.022526600000219332,0.09018909999986136,0.5313012999999955,
ecoli,CoreSet,1,0.0,0.1,33,0.7113095238095238,0.6357728525080591,0.5486939263603657,0.015131600000131584,0.16508710000016436,0.30781960000012987,
ecoli,CoreSet,1,0.0,0.2,67,0.8303571428571429,0.7424853700883729,0.7906142178194737,0.02688979999993535,0.10679779999964012,0.6136830000000373,
ecoli,BADGE,4,0.0,0.1,33,0.6398809523809523,0.6307695324984489,0.4993318611729919,0.09820010000021284,0.15451660000007905,0.44389959999989514,
ecoli,BADGE,4,0.0,0.2,67,0.6904761904761905,0.6605384935531045,0.525273309700233,0.1939954000004036,0.16237809999984165,0.9647348999997121,
ecoli,CoreSet,3,0.0,0.1,33,0.6934523809523809,0.6672766766803768,0.5338860579171921,0.017062500000065484,0.08020809999970879,0.2860592999995788,
ecoli,CoreSet,3,0.0,0.2,67,0.8273809523809523,0.753499254016608,0.7938774192894054,0.027617600000212406,0.1674601999998231,0.565560899999582,
ecoli,CoreSet,4,0.0,0.1,33,0.5922619047619048,0.6025394094516408,0.4498881205180153,0.016871199999968667,0.15549849999979415,0.28013929999997345,
ecoli,CoreSet,4,0.0,0.2,67,0.7261904761904762,0.7182466454761663,0.5806111050941785,0.028034699999807344,0.09002760000021226,0.5710016999996697,
ecoli,Random,0,0.0,0.1,33,0.5803571428571429,0.5665231888966888,0.3994518661389448,0.0008936999997786188,0.15502409999999145,0.3180112000000008,
ecoli,Random,0,0.0,0.2,67,0.6607142857142857,0.6147757740142694,0.47680427839430084,0.0009284000002480752,0.1286841999999524,0.6585883000002468,
ecoli,Random,1,0.0,0.1,33,0.6517857142857143,0.6527030461888776,0.5336237068439118,0.0007661999998163083,0.16536699999960547,0.3500573000001168,
ecoli,Random,1,0.0,0.2,67,0.6488095238095238,0.6251696713686884,0.5438988465666553,0.0006309000000328524,0.14216309999983423,0.7040395000003628,
ecoli,Random,2,0.0,0.1,33,0.6488095238095238,0.6343087648495576,0.5105539544337852,0.0008444999998573621,0.11024760000009337,0.2334169999999176,
ecoli,Random,2,0.0,0.2,67,0.7053571428571429,0.6830514723051521,0.5637342734838755,0.0007739000002402463,0.10880829999996422,0.5066446999999243,
ecoli,Random,3,0.0,0.1,33,0.6130952380952381,0.6238905983555035,0.49260594350488596,0.0016456000003017834,0.07171789999983957,0.18343170000025566,
ecoli,Random,3,0.0,0.2,67,0.6785714285714286,0.6254217991213805,0.487795711429246,0.0013221999997767853,0.10945970000011584,0.524570500000209,
ecoli,Random,4,0.0,0.1,33,0.6369047619047619,0.5808559100013835,0.4359711603593868,0.0007750000004307367,0.16618349999998827,0.31548019999991084,
ecoli,Random,4,0.0,0.2,67,0.8244047619047619,0.7109895084000519,0.7792615092964947,0.0008624999995845428,0.14279579999993075,0.5942480999997315,
ecoli,QBC,0,0.0,0.1,33,0.5148809523809523,0.5756666097610903,0.36964828274862876,0.0038435999999819614,0.1614276999998765,0.2794154999996863,
ecoli,QBC,0,0.0,0.2,67,0.7946428571428571,0.7496219364016884,0.7563720696683445,0.00604750000002241,0.1317749999998341,0.509711199999856,
ecoli,QBC,2,0.0,0.1,33,0.5267857142857143,0.5672684995385017,0.37959162165210153,0.004058900000018184,0.14539749999994456,0.23703089999980875,
ecoli,QBC,2,0.0,0.2,67,0.6130952380952381,0.6762544677239776,0.5222206044040256,0.003933000000415632,0.09716490000027989,0.48636279999982435,
ecoli,QBC,1,0.0,0.1,33,0.5684523809523809,0.6183359945234067,0.46978062032400325,0.005233299999872543,0.15326360000017303,0.38882730000023,
ecoli,QBC,1,0.0,0.2,67,0.6279761904761905,0.6707714624967447,0.5250853553230677,0.004322200000387966,0.18524769999976343,0.7492731000002095,
ecoli,QBC,3,0.0,0.1,33,0.5744047619047619,0.5616428899319439,0.37716075509534164,0.0036057000002074346,0.06354520000013508,0.21253299999989395,
ecoli,QBC,3,0.0,0.2,67,0.8184523809523809,0.7843133422864577,0.8057557719665457,0.004107300000214309,0.11659700000018347,0.5660393999996813,
ecoli,QBC,4,0.0,0.1,33,0.5535714285714286,0.6054382991682317,0.4117815892913914,0.004427299999861134,0.17157480000014402,0.27859510000007504,
ecoli,QBC,4,0.0,0.2,67,0.6577380952380952,0.6956185002191897,0.5444320062225892,0.003200000000106229,0.08501829999977417,0.5216844999999921,
ecoli,BALD,0,0.0,0.1,33,0.5863095238095238,0.5719519972264833,0.4001228762896323,0.0077341000001069915,0.16963320000013482,0.3819181000003482,
ecoli,BALD,0,0.0,0.2,67,0.6220238095238095,0.5611815773135049,0.41770988967773015,0.006770399999822985,0.1731641999999738,0.6750149000004058,
ecoli,BALD,3,0.0,0.1,33,0.6160714285714286,0.5950965369880413,0.4405534858072245,0.005896099999972648,0.08311139999977968,0.20422969999981433,
ecoli,BALD,3,0.0,0.2,67,0.6934523809523809,0.6450552179726715,0.57369858594012,0.007808199999999488,0.10692580000022645,0.46283390000007785,
ecoli,BALD,1,0.0,0.1,33,0.6398809523809523,0.6109016881804781,0.5100082466752562,0.0056899999999586726,0.15982729999996081,0.3561294999999518,
ecoli,BALD,1,0.0,0.2,67,0.7142857142857143,0.6063768932948581,0.5668402212082841,0.005632700000205659,0.17694990000018151,0.7885574999995697,
ecoli,BALD,2,0.0,0.1,33,0.625,0.6100702627403304,0.45059248258507123,0.007594300000164367,0.14031230000000505,0.3401749999998174,
ecoli,BALD,2,0.0,0.2,67,0.6904761904761905,0.5993564582596328,0.566722332355942,0.0051459999999678985,0.1779636000001119,0.742618499999935,
ecoli,Entropy,0,0.0,0.1,33,0.5148809523809523,0.5832437869215478,0.3722871862805633,0.00047850000009930227,0.15538969999988694,0.24934899999971094,
ecoli,Entropy,0,0.0,0.2,67,0.8511904761904762,0.7711937313639725,0.791275486717878,0.0004891000003226509,0.06656299999986004,0.3896081999996568,
ecoli,Entropy,2,0.0,0.1,33,0.5327380952380952,0.5828805930876371,0.3911131231034208,0.000515599999744154,0.16280570000026273,0.2561461000000236,
ecoli,Entropy,2,0.0,0.2,67,0.6577380952380952,0.6585769979801267,0.5178858533277311,0.0007174000002123648,0.06221820000018852,0.42459039999994275,
ecoli,BALD,4,0.0,0.1,33,0.5684523809523809,0.567734002932939,0.4051230652307372,0.006422999999813328,0.1698370000003706,0.3903888999998344,
ecoli,BALD,4,0.0,0.2,67,0.5595238095238095,0.5590243210396485,0.44588256563512274,0.006240600000182894,0.20098269999971308,0.8133259999999609,
ecoli,Entropy,1,0.0,0.1,33,0.5744047619047619,0.6220151323006409,0.4740826300764602,0.0006223999998837826,0.1675807999999961,0.36948050000000876,
ecoli,Entropy,1,0.0,0.2,67,0.6339285714285714,0.6921838803108424,0.5321086776826021,0.0005390999999690393,0.13639660000035292,0.6064606999998432,
ecoli,Entropy,3,0.0,0.1,33,0.5833333333333334,0.5811684674756785,0.3746431271094816,0.0005458999999063963,0.06607730000041556,0.2385573999999906,
ecoli,Entropy,3,0.0,0.2,67,0.7767857142857143,0.7393267333052423,0.7494459986930743,0.0005426000002444198,0.151065799999742,0.4672051000002284,
ecoli,Entropy,4,0.0,0.1,33,0.5416666666666666,0.595832447778318,0.4054431612333751,0.0005999999998493877,0.11851450000040131,0.2058806000000004,
ecoli,Entropy,4,0.0,0.2,67,0.6190476190476191,0.6858233581089352,0.5410489795484636,0.0006260000000111177,0.07574849999991784,0.4713710999999421,
segment,BADGE,1,,,,,,,,,,"MemoryError((2264, 102, 133), dtype('float64'))"
segment,BADGE,4,,,,,,,,,,"MemoryError((2264, 68, 133), dtype('float64'))"
segment,BADGE,3,,,,,,,,,,"MemoryError((2264, 143, 133), dtype('float64'))"
segment,CoreSet,0,0.0,0.1,231,0.5588744588744589,0.6200326311504634,0.4660258423050787,19.501005799999803,0.6037957000003189,20.471560699999827,
segment,CoreSet,0,0.0,0.2,462,0.7874458874458874,0.7383008916492725,0.6542887450516245,26.649906900000133,0.3301354000000174,47.911930799999936,
segment,CoreSet,1,0.0,0.1,231,0.7138528138528139,0.6694765116209827,0.5652313983528806,19.911748500000158,0.9137450999996872,21.513150700000097,
segment,CoreSet,1,0.0,0.2,462,0.7792207792207793,0.7295008140610271,0.6374980215546769,22.15832139999975,0.6497127999996337,44.778553199999806,
segment,CoreSet,2,0.0,0.1,231,0.6255411255411255,0.5975186557459775,0.469385115982778,14.762458499999866,0.6864387999999053,15.826333200000136,
segment,CoreSet,2,0.0,0.2,462,0.7904761904761904,0.7400117401951802,0.6540487204030959,21.859393499999896,0.36045430000012857,38.4779424000003,
segment,CoreSet,3,0.0,0.1,231,0.5744588744588744,0.5999263748635302,0.46955963223054753,15.260122200000296,0.5446796999999606,16.125396999999793,
segment,CoreSet,3,0.0,0.2,462,0.7844155844155845,0.7325280548794472,0.6450892170728033,20.970913899999687,0.33815969999977824,37.827640299999985,
segment,Random,0,0.0,0.1,231,0.6571428571428571,0.6424155345093046,0.5247469862461309,0.0009107000000767584,0.4197119999998904,0.8245272999997724,
segment,Random,0,0.0,0.2,462,0.8558441558441559,0.7565833713411214,0.7235618259585285,0.0009020000002237794,0.36426570000003267,1.5050151999998889,
segment,Random,1,0.0,0.1,231,0.7826839826839826,0.6706337282466568,0.6097290917135858,0.0009484000001975801,0.6924791000001278,1.1805860000004031,
segment,Random,1,0.0,0.2,462,0.8510822510822511,0.7544785836285088,0.7167779591592758,0.001084399999854213,0.5367607000002863,2.059879700000238,
segment,Random,2,0.0,0.1,231,0.8264069264069264,0.7256320696060655,0.677239344728231,0.0008189999998649,0.7020787999999811,1.4960894999999255,
segment,Random,2,0.0,0.2,462,0.8575757575757575,0.7632723464947215,0.7291427306765272,0.0008428999999523512,0.7903635000002396,2.568788399999903,
segment,Random,3,0.0,0.1,231,0.8220779220779221,0.7254873845741072,0.6717195749305885,0.0006405999997696199,0.46551450000015393,0.9303880000002209,
segment,Random,3,0.0,0.2,462,0.858008658008658,0.7627872090493615,0.7257245174892624,0.0009266000001844077,0.4149394000000939,1.6393444999998792,
segment,Random,4,0.0,0.1,231,0.819047619047619,0.7211362951142055,0.6687953774922635,0.0008813999997983046,0.6640185000001111,1.1873531000001094,
segment,Random,4,0.0,0.2,462,0.8623376623376623,0.7643211978081146,0.731543409250232,0.000949899999795889,0.5208795000003192,2.000393499999973,
segment,CoreSet,4,0.0,0.1,231,0.5432900432900433,0.6106922055344844,0.45476589892472385,14.782290300000113,0.6117549000000508,15.689729700000044,
segment,CoreSet,4,0.0,0.2,462,0.7402597402597403,0.7464417827645107,0.6554162686117947,20.034329899999648,0.27549210000006497,36.89275540000017,
segment,QBC,0,0.0,0.1,231,0.5917748917748917,0.5578578930468298,0.41578924677822504,0.03229879999980767,0.38986290000002555,0.7675226999999722,
segment,QBC,0,0.0,0.2,462,0.7389610389610389,0.7389079955094131,0.6462484251019451,0.030925200000183395,0.31705890000012005,1.5410275999997793,
segment,QBC,1,0.0,0.1,231,0.5675324675324676,0.6128791651751543,0.46296180484960076,0.02820240000028207,0.5973721000000296,0.9980989000000591,
segment,QBC,1,0.0,0.2,462,0.7463203463203463,0.7513563317795033,0.6077283727591454,0.029120200000306795,0.4038624999998319,1.7005779999999504,
segment,QBC,2,0.0,0.1,231,0.5805194805194805,0.5729692027546314,0.44192008895747303,0.02851650000002337,0.5218601000001399,0.9062299000001985,
segment,QBC,2,0.0,0.2,462,0.6974025974025974,0.6989024649735743,0.5464931274868341,0.026662499999929423,0.34954019999986485,1.6977606000000378,
segment,QBC,3,0.0,0.1,231,0.6437229437229437,0.6129368481100788,0.49470347842779994,0.02813819999983025,0.48736970000027213,1.0168807000000015,
segment,QBC,3,0.0,0.2,462,0.7411255411255411,0.7413638203899563,0.661963878151306,0.028856899999937013,0.4626290000001063,1.7934915999999248,
segment,QBC,4,0.0,0.1,231,0.577056277056277,0.6282507479901147,0.4691386836541092,0.03483009999990827,0.628139899999951,0.9407086000001073,
segment,QBC,4,0.0,0.2,462,0.7367965367965368,0.7349866967812391,0.5990955000590259,0.027754300000196963,0.2866988000000674,1.525912199999766,
segment,BALD,0,0.0,0.1,231,0.6341991341991342,0.5497279393766737,0.46684460569244424,0.05179749999979322,0.32812909999984186,0.814224600000216,
segment,BALD,0,0.0,0.2,462,0.7142857142857143,0.640863934983244,0.5654674626836329,0.05775160000030155,0.46246549999978015,1.7321342000000186,
segment,BALD,1,0.0,0.1,231,0.7350649350649351,0.6462215965296736,0.5596136943970988,0.054861999999957334,0.5833487999998397,1.3139427000000978,
segment,BALD,1,0.0,0.2,462,0.8528138528138528,0.7515677885717791,0.7170066094160534,0.052477100000032806,0.7405067999998209,2.4964473,
segment,BALD,2,0.0,0.1,231,0.6805194805194805,0.632228324597777,0.5391626782417023,0.07141409999985626,0.6091111000000637,1.0915291000001162,
segment,BALD,2,0.0,0.2,462,0.6995670995670996,0.6602994347105006,0.5661547238423486,0.05615060000036465,0.3699432999997043,1.8494472000002133,
segment,BALD,3,0.0,0.1,231,0.6645021645021645,0.6359485959582029,0.5495309116561741,0.05328370000006544,0.4522588999998334,1.0375534999998308,
segment,BALD,3,0.0,0.2,462,0.7982683982683982,0.7093758422814064,0.6363831678662233,0.046267299999726674,0.4792176999999356,1.86372399999982,
segment,BALD,4,0.0,0.1,231,0.7264069264069264,0.661978886605543,0.5600582363877425,0.0511543000002348,0.5968995000002906,1.086591700000099,
segment,BALD,4,0.0,0.2,462,0.8510822510822511,0.7612734735734922,0.7175889720103866,0.05716690000008384,0.43619330000001355,2.3654441000003317,
segment,Entropy,0,0.0,0.1,231,0.59004329004329,0.5711566112468331,0.4255020815924054,0.0016956999998001265,0.4716598999998496,1.0168825000000652,
segment,Entropy,0,0.0,0.2,462,0.7337662337662337,0.7391721547339244,0.6451121563616168,0.0012421000001268112,0.5212846999997964,1.9281237000000147,
segment,Entropy,1,0.0,0.1,231,0.5718614718614718,0.6144993879533781,0.46831550396340416,0.0007024000001365494,0.5989549999999326,0.972888199999943,
segment,Entropy,1,0.0,0.2,462,0.7467532467532467,0.747661815542059,0.6011106663068156,0.0007270000000971777,0.3628380999998626,1.6602953999999954,
segment,Entropy,2,0.0,0.1,231,0.587012987012987,0.5835505656917427,0.4495027617436285,0.001756300000124611,0.6735688999997365,0.9708696000002419,
segment,Entropy,2,0.0,0.2,462,0.7038961038961039,0.7051250764232838,0.5559112013961838,0.0012587000001076376,0.2669319000001451,1.6308604000000742,
segment,Entropy,3,0.0,0.1,231,0.6398268398268399,0.6172837079733895,0.49649049564084463,0.001440900000034162,0.4615481999999247,0.9310668000002806,
segment,Entropy,3,0.0,0.2,462,0.7367965367965368,0.7324842574805293,0.6505194959304162,0.0014576999997188977,0.4566595999999663,1.776777100000345,
segment,Entropy,4,0.0,0.1,231,0.5943722943722943,0.5855744962046108,0.46767668938203805,0.0011993000002803456,0.5940254999995886,1.019800800000212,
segment,Entropy,4,0.0,0.2,462,0.745021645021645,0.7604045435314555,0.6716118827862476,0.001132800000050338,0.42887289999998757,1.8576791000000412,
segment,BADGE,0,0.0,0.1,231,0.5584415584415584,0.6100195198780591,0.4620836100986106,109.43597490000002,0.494491900000412,110.17564119999997,
segment,BADGE,0,0.0,0.2,462,0.79004329004329,0.7368303648898334,0.6542763740159223,106.15797609999981,0.24957809999978053,216.8614792000003,
segment,BADGE,2,0.0,0.1,231,0.7476190476190476,0.6988640285138661,0.6118050710848593,109.13374429999976,0.8600698999998713,110.64629500000001,
segment,BADGE,2,0.0,0.2,462,0.8025974025974026,0.7493696124435154,0.66939305332906,105.56576679999989,0.6507016000000476,217.12517389999994,
