dataset,seed,gamma,m,lambda2,mA,gmA
iris,0,0.9748726153960385,147.0,2.866753643404995,0.019501725465340104,0.019011698109131635
iris,0,0.9768353171721105,143.0,2.852539753120438,0.019947830441401665,0.019485745276122075
iris,0,0.9835422519768593,135.0,2.3959874970030355,0.01774805553335582,0.01745596250748714
iris,0,0.9872955832492086,128.0,2.4734817236341087,0.019324075965891474,0.019078574851496836
iris,1,0.9728311066316953,147.0,2.8830062405631733,0.019612287350769888,0.019079443207028268
iris,1,0.9742212438288026,143.0,2.856049902647155,0.019972376941588495,0.019457513906252038
iris,1,0.9798632167149304,135.0,2.2087190211664067,0.01636088163826968,0.016031426110367168
iris,1,0.9839961882616391,128.0,2.183424660151795,0.0170580051574359,0.016785012054264307
iris,2,0.9710923799339826,147.0,3.0274319871613296,0.020594775422866186,0.019999429479597017
iris,2,0.9724845781317455,143.0,3.0105085827991314,0.021052507572021897,0.020473238944793092
iris,2,0.9810298826751102,135.0,2.3637704993292212,0.01750941110614238,0.01717725552316913
iris,2,0.9856189120503491,128.0,2.337434465061705,0.01826120675829457,0.01799859073783678
iris,3,0.9689386452676615,147.0,3.2221147982801766,0.02191914828762025,0.021238309847227747
iris,3,0.9767242000273013,143.0,3.415388583584771,0.02388383624884455,0.023327920853735754
iris,3,0.9695644763055673,135.0,3.8092709570234793,0.028216821903877625,0.02735802815224057
iris,3,0.9698087250239784,128.0,6.008550021359291,0.04694179704186946,0.045524564339509785
iris,4,0.9742994864787351,147.0,3.0168599795107642,0.020522857003474587,0.019995409039561804
iris,4,0.9706380109351267,143.0,3.608154059610694,0.025231846570704153,0.024490989367608577
iris,4,0.9831984060913141,135.0,4.476640932636981,0.033160303204718376,0.032603157256383804
iris,4,0.9823487491628948,128.0,4.872619641142235,0.03806734094642371,0.037395404762676776
iris,5,0.9741475888403829,147.0,3.2385195585828526,0.02203074529648199,0.021461197410924535
iris,5,0.973117234644703,143.0,3.256494995012691,0.02277269227281602,0.022160499329937522
iris,5,0.9772118319122923,135.0,3.244168891751494,0.0240308806796407,0.0234832609314174
iris,5,0.9712317162323689,128.0,4.659203290688418,0.036400025708503266,0.035352859439771976
iris,6,0.9664171826527183,147.0,3.188010775679648,0.021687148133875154,0.02095883259931178
iris,6,0.9746668459964517,143.0,3.7332769121935794,0.026106831553801255,0.025445463169504114
iris,6,0.9693007703755824,135.0,5.589843532851936,0.04140624839149582,0.04013510846423962
iris,6,0.9727189560446466,128.0,2.6488558129543023,0.020694186038705487,0.0201296270397633
iris,7,0.9724405460027885,147.0,2.9776175786393306,0.020255901895505652,0.019697660299044434
iris,7,0.975335598219288,143.0,2.973413168086363,0.020793099077527015,0.020280249727612734
iris,7,0.9827373850231482,135.0,2.3301335326759673,0.01726024839019235,0.016962291367827634
iris,7,0.9861794048106151,128.0,2.281638190648475,0.01782529836444121,0.017578942131616263
iris,8,0.9708395448028952,147.0,3.074102786379879,0.020912263852924346,0.020302452719771113
iris,8,0.9735733639942532,143.0,3.0343686576870272,0.021219361242566626,0.020658604906734865
iris,8,0.9819976450433092,135.0,2.483405431457706,0.018395595788575598,0.018064431743549852
iris,8,0.9877923043812149,128.0,2.5869663229785127,0.02021067439826963,0.01996394863696518
iris,9,0.9721223742820068,147.0,3.2907661506985306,0.022386164290466196,0.021762091181115075
iris,9,0.977632718541464,143.0,3.389858887778316,0.02370530690754067,0.02317508363587873
iris,9,0.9788986509610583,135.0,4.480854199947804,0.03319151259220596,0.03249112689986739
iris,9,0.9637878000527,128.0,5.27694994912417,0.041226171477532575,0.03973328111292649
wine,0,0.9349838712508822,175.0,26.49818898198373,0.15141822275419276,0.14157359608864356
wine,0,0.9400485706717132,170.0,26.69865044937596,0.1570508849963292,0.14763545996352687
wine,0,0.9426416877852907,161.0,29.242796674694382,0.1816322774825738,0.17121415660245962
wine,0,0.9405175901035739,152.0,34.99665897612579,0.23024117747451175,0.21654587738093706
wine,1,0.93360472582937,175.0,26.393762391071746,0.15082149937755285,0.14080766457555474
wine,1,0.9410184839379364,170.0,24.785430499415533,0.14579664999656194,0.13719734254299465
wine,1,0.9468280047885649,161.0,23.433853520879893,0.14555188522285648,0.13781260107877139
wine,1,0.9528230669402696,152.0,21.89994884194573,0.14407861080227455,0.1372814238251167
wine,2,0.9346269940286819,175.0,26.249481970694646,0.14999703983254084,0.1401912824518881
wine,2,0.9392788771141724,170.0,25.698704990105313,0.15116885288297244,0.14198971039055586
wine,2,0.9465273402399896,161.0,23.312883199277223,0.14480051676569705,0.13705764799961126
wine,2,0.95235445379453,152.0,22.105705523976113,0.14543227318405338,0.13850307309229604
wine,3,0.9321140912118371,175.0,26.303575272922473,0.15030614441669984,0.14010247520652733
wine,3,0.9356655465004098,170.0,26.37060185490229,0.15512118738177819,0.14514155056536396
wine,3,0.9370522702808073,161.0,26.430505531352154,0.16416463062951647,0.15383083983119855
wine,3,0.9390578505014996,152.0,27.212017517594987,0.17902643103680912,0.16811617551238092
wine,4,0.9343168920747748,175.0,26.122945948899982,0.14927397685085705,0.13946919811893463
wine,4,0.9344953006375228,170.0,28.25588336941609,0.16621107864362406,0.15532347190636042
wine,4,0.9259845587640113,161.0,34.03615642424966,0.21140469828726496,0.195757486264172
wine,4,0.9406948925193037,152.0,22.53137316760582,0.14823271820793305,0.1394417609224558
wine,5,0.9351482357302361,175.0,26.06663377648593,0.14895219300849102,0.13929238050003998
wine,5,0.9396722659579174,170.0,25.94314412537765,0.1526067301492803,0.14340031191980265
wine,5,0.9430263441708491,161.0,25.68221039770357,0.15951683476834516,0.15042857752529792
wine,5,0.9530963148936344,152.0,21.69407233289293,0.14272416008482192,0.1360298710231329
wine,6,0.9341766687994713,175.0,26.497724117466532,0.15141556638552303,0.14144888941041311
wine,6,0.9344935684516478,170.0,27.208375780696223,0.1600492692982131,0.1495650127945659
wine,6,0.9293765010775584,161.0,30.48766864093168,0.18936440149647008,0.17599082489143533
wine,6,0.9408882905848215,152.0,21.93973956951217,0.14434039190468534,0.1358081846015426
wine,7,0.934471898944232,175.0,27.294968226150473,0.15597124700657414,0.1457507473709332
wine,7,0.9336955695293974,170.0,27.73607888861926,0.16315340522717212,0.15233561161424503
wine,7,0.9449608639942946,161.0,24.970941654874878,0.15509901648990607,0.146562500626967
wine,7,0.9534430535235847,152.0,21.754048332289585,0.14311873902822095,0.13645556755551203
wine,8,0.9345728991802008,175.0,26.37081090378419,0.15069034802162393,0.1408311154290425
wine,8,0.9341772706990806,170.0,27.11313358293954,0.15948902107611493,0.1489910184153532
wine,8,0.9363423748640053,161.0,28.39903484194202,0.17639152075740383,0.165162855451861
wine,8,0.9513379704827796,152.0,21.92123585221384,0.14421865692245947,0.13720068438236485
wine,9,0.935327395066145,175.0,25.830981454323748,0.1476056083104214,0.13805956911814019
wine,9,0.9405439468622377,170.0,24.85748862221633,0.14622052130715488,0.13752682622248538
wine,9,0.9462982726164731,161.0,23.48836563372106,0.14589046977466497,0.13805589953897124
wine,9,0.9523671302537317,152.0,21.957345573343737,0.14445622087726143,0.13757535652417666
seeds,0,0.9530259329973595,206.0,11.841315138451392,0.057482112322579576,0.05478194372688541
seeds,0,0.9583196089000144,200.0,11.188140740965935,0.055940703704829675,0.053609073296003965
seeds,0,0.9633496844200605,189.0,10.076846103347705,0.05331664604945876,0.05136257414608216
seeds,0,0.9728895733926124,179.0,8.983569988268691,0.0501875418339033,0.04882693616441007
seeds,1,0.9556392727243297,206.0,12.00182491480249,0.05826128599418685,0.05567677297546889
seeds,1,0.9582605739476708,200.0,11.266947536584382,0.05633473768292191,0.05398335806522823
seeds,1,0.9655708608168514,189.0,10.875150477928159,0.05754047871919661,0.05555940956870839
seeds,1,0.9712615412488302,179.0,11.565284283126132,0.06461052672137504,0.06275371976430145
seeds,2,0.9547003785809726,206.0,11.881533640491185,0.057677347769374686,0.055064585750968426
seeds,2,0.9569517522997641,200.0,11.576509809285056,0.057882549046425286,0.05539080673755372
seeds,2,0.963332780121522,189.0,10.730352043286999,0.05677434943538095,0.05469259188117629
seeds,2,0.9704681474722342,179.0,9.955447144955968,0.05561702315617859,0.05397454943029699
seeds,3,0.9555856682403681,206.0,11.945550158868997,0.057988107567325226,0.05541260451971682
seeds,3,0.9593793940822798,200.0,11.291817699986765,0.05645908849993383,0.054165686115504326
seeds,3,0.9669140253738662,189.0,10.83190661964435,0.05731167523621349,0.05541546260356691
seeds,3,0.9739688692974762,179.0,11.213733827881686,0.06264655769766306,0.061015796966171994
seeds,4,0.9547083591625825,206.0,12.094714055939662,0.0587122041550469,0.056053032091683386
seeds,4,0.9576143893714165,200.0,11.177813880742463,0.05588906940371231,0.05352017706957268
seeds,4,0.9643673747418727,189.0,11.166027513285783,0.05907951065230573,0.056974352588798585
seeds,4,0.9707271780039929,179.0,12.10661894344598,0.06763474270081553,0.06565488291698882
seeds,5,0.9542403889534983,206.0,11.856747545375413,0.05755702691929812,0.05492323975447801
seeds,5,0.9607149070596467,200.0,11.321846855554256,0.05660923427777128,0.0543853352478868
seeds,5,0.9687379028913075,189.0,11.27067044022364,0.05963317693240021,0.05776891876423967
seeds,5,0.9724595261091387,179.0,12.602148025809726,0.07040306159670237,0.06846412791696169
seeds,6,0.9538830390736646,206.0,12.15444627615797,0.05900216638911636,0.056281165787180336
seeds,6,0.9597404583118783,200.0,11.552050337797588,0.05776025168898794,0.05543485042819873
seeds,6,0.9663373964087917,189.0,11.395029632269654,0.060291162075500816,0.05826160458649994
seeds,6,0.9704574362254222,179.0,9.228769112407178,0.05155736934305686,0.05003423247119014
seeds,7,0.9526615163470454,206.0,12.014938787686802,0.05832494557129515,0.05556393108880893
seeds,7,0.9588176603686658,200.0,11.490242134760308,0.05745121067380154,0.05508523540360171
seeds,7,0.9660890210784155,189.0,10.375282986934124,0.05489567717954563,0.05303411102782395
seeds,7,0.9696993764543295,179.0,9.588626389463094,0.053567745192531255,0.05194460911126196
seeds,8,0.9546969452223106,206.0,12.188986188958296,0.05916983586872959,0.056489261553181645
seeds,8,0.9640787893553455,200.0,11.641364463819016,0.05820682231909508,0.056115962793614894
seeds,8,0.9716148504663435,189.0,11.493329874763234,0.06081126917864145,0.059085132209674276
seeds,8,0.9617383297096683,179.0,14.502743355526157,0.08102091260070479,0.07792091715615485
seeds,9,0.9536756517775098,206.0,12.184845958465758,0.05914973766245513,0.05640966461771062
seeds,9,0.9592963915302928,200.0,11.431201034541289,0.05715600517270644,0.054829549516464036
seeds,9,0.9640958825859054,189.0,10.379579575579953,0.05491841045280398,0.052946613395711065
seeds,9,0.9725535434096653,179.0,9.283671842931298,0.05186408850799608,0.05044060305416408
glass,0,0.8989601955313488,208.0,7.411108125102321,0.03563032752453039,0.032030246198297835
glass,0,0.8774601824730138,204.0,10.174129679282206,0.04987318470236376,0.043761733749446426
glass,0,0.8956002044282065,193.0,12.816735286101775,0.06640795485026826,0.059474977939559366
glass,0,0.9226928079559835,182.0,13.713327772878088,0.07534795479603346,0.06952301598449262
glass,1,0.8918838305388822,208.0,7.418807823677511,0.03566734530614188,0.03181112855679484
glass,1,0.8917693974060547,204.0,8.106537223902992,0.03973792756815192,0.03543706772161628
glass,1,0.916271362115371,193.0,6.6215638339904075,0.0343086209015047,0.0314360068057216
glass,1,0.9130612432416486,182.0,1.7637553917091295,0.009690963690709502,0.008848443355648893
glass,2,0.8644722016034474,208.0,3.274917964279779,0.015744797905191246,0.013610940108902023
glass,2,0.9020807796931282,204.0,10.73089862818,0.052602444255784316,0.047451653928022225
glass,2,0.8825696404232624,193.0,4.49842679235457,0.023307910841215387,0.02057085449014892
glass,2,0.9117105855617518,182.0,10.838614510606252,0.05955282698135304,0.05429494275902707
glass,3,0.8941296690069476,208.0,0.9307194282706884,0.004807692307692308,0.004298700331764172
glass,3,0.8915940219653243,204.0,11.506685419916355,0.056405320685864485,0.05029064673055382
glass,3,0.9021267571122455,193.0,12.447764119589408,0.06449618714813164,0.058183736158048484
glass,3,0.9231214591083696,182.0,13.545479089180247,0.07442570928121015,0.06870396934684604
glass,4,0.8668043946120094,208.0,11.109897580964377,0.053412969139251816,0.04629859637917911
glass,4,0.9042194400443858,204.0,7.342025975232895,0.035990323408004385,0.032543150079002076
glass,4,0.9000066110890015,193.0,1.3723060780242564,0.007110394186654178,0.006399401775437564
glass,4,0.919709180807972,182.0,11.578714850588298,0.06361931236586978,0.05851126565958058
glass,5,0.9175656271300391,208.0,12.337464206521684,0.05931473176212348,0.05442515904736288
glass,5,0.9185162092967518,204.0,11.126233393593617,0.054540359772517734,0.05009620451193404
glass,5,0.9192554706306204,193.0,12.582868397740171,0.06519620931471591,0.059931972076931614
glass,5,0.926401375612126,182.0,11.593751122970318,0.06370192924708966,0.059013554883650184
glass,6,0.91272070536688,208.0,11.255942435366709,0.054115107862339945,0.04939197941911971
glass,6,0.8962299002680677,204.0,10.066496442816419,0.0493455707981197,0.04422497599506969
glass,6,0.9200880697511603,193.0,0.8190082158257637,0.0051813471502590676,0.004767295698192541
glass,6,0.9157687647762299,182.0,20.779855745681623,0.11417503156967924,0.10455792762885222
glass,7,0.9050392402706279,208.0,0.6257381666319574,0.004807692307692308,0.0043511501936087885
glass,7,0.9093238150431905,204.0,0.6844933271581843,0.004901960784313725,0.004457469681584267
glass,7,0.9276446505373941,193.0,12.453749699888334,0.06452720051755613,0.05985831237426471
glass,7,0.91844020798571,182.0,13.405186448365697,0.07365487059541592,0.06764759466881436
glass,8,0.890496701257425,208.0,10.101974183113871,0.04856718357266284,0.04324891676082006
glass,8,0.9035549964748687,204.0,7.043664971375284,0.0345277694675259,0.031197738619515445
glass,8,0.9039416173123911,193.0,11.932509870706166,0.06182647601402159,0.05588752472084043
glass,8,0.9272594175505892,182.0,12.029348596927377,0.06609532196113943,0.061287509744504816
glass,9,0.8944425612513295,208.0,11.081619284329129,0.05327701579004389,0.04765323045907438
glass,9,0.8926293526329416,204.0,11.160586902998094,0.05470875932842203,0.04883464442268076
glass,9,0.905197283617931,193.0,7.572599112837725,0.03923626483335609,0.035516560346467684
glass,9,0.9101923282926209,182.0,13.129407219833965,0.07213960010897782,0.06566091058528913
ecoli,0,0.925709060980678,328.0,0.010175476334555027,0.003048780487804878,0.002822283722502067
ecoli,0,0.9199244304628736,320.0,3.3697829219311473,0.010530571631034834,0.009687330110128215
ecoli,0,0.9259066292111919,303.0,4.213782334876498,0.013906872392331677,0.012876465339654008
ecoli,0,0.9259806478721444,286.0,6.499272007807775,0.022724727300027187,0.021042657707996983
ecoli,1,0.9203895671989613,328.0,3.569069413201426,0.010881309186589713,0.010015043452803386
ecoli,1,0.9151176269144752,320.0,4.77711065632306,0.014928470801009563,0.013661306772881906
ecoli,1,0.9297465316500478,303.0,4.297238942174351,0.014182306739849344,0.013185950502172025
ecoli,1,0.9371761426562796,286.0,6.820844677984667,0.023849107265680652,0.022350814353046446
ecoli,2,0.9248762002766157,328.0,0.008825870322601528,0.003048780487804878,0.0028197445130384623
ecoli,2,0.9246929162357366,320.0,7.353574067819807,0.022979918961936897,0.02124936827977433
ecoli,2,0.9249178672100632,303.0,15.05946854780468,0.049701216329388384,0.04596954300512387
ecoli,2,0.9535539704430752,286.0,1.2441428034806479,0.004350149662519748,0.004148102482717309
ecoli,3,0.9170009129639234,328.0,3.5402615100540515,0.010793480213579426,0.009897631209910376
ecoli,3,0.9276720535417388,320.0,1.9128967337670812,0.005977802293022129,0.005545440128834353
ecoli,3,0.9387174192187925,303.0,3.4942689029963674,0.011532240603948408,0.010825515137548617
ecoli,3,0.9422323930777838,286.0,9.071881235064936,0.031719864458269006,0.029887483796617747
ecoli,4,0.9250437180809284,328.0,0.010028352210913711,0.003048780487804878,0.0028202552380516112
ecoli,4,0.9309584257590267,320.0,3.479141184396551,0.010872316201239223,0.010121674375060029
ecoli,4,0.9249382090697227,303.0,5.066827387027374,0.016722202597450078,0.01546700412218654
ecoli,4,0.9443754233438286,286.0,3.378723919344134,0.011813719997706763,0.011156586824099778
ecoli,5,0.9376450713336781,328.0,0.009832047511469875,0.003048780487804878,0.002858673997968531
ecoli,5,0.9275874318638956,320.0,3.4220105409017094,0.010693782940317842,0.009919418654519365
ecoli,5,0.9479972200693403,303.0,4.172619630453781,0.013771021882685745,0.013054890462300139
ecoli,5,0.9490134288143115,286.0,6.6529215916112605,0.02326196360703238,0.022075915843663526
ecoli,6,0.8952151206033215,328.0,0.05739894929407528,0.003048780487804878,0.0027293143920832973
ecoli,6,0.9182614809973128,320.0,3.1011638302260707,0.009691136969456471,0.008898997786120908
ecoli,6,0.9467207028750292,303.0,3.7072065213333376,0.012235005020902105,0.011583132553067952
ecoli,6,0.9190502253088687,286.0,4.714872576504888,0.01648556844931779,0.015151065397690292
ecoli,7,0.8799841437125439,328.0,0.05792460955412465,0.003048780487804878,0.0026828784869284876
ecoli,7,0.9071991788130251,320.0,17.17276199234186,0.053664881226068314,0.048684736179387705
ecoli,7,0.901320365193603,303.0,16.763070290893673,0.055323664326381757,0.049864345334502715
ecoli,7,0.9269268248128345,286.0,3.7296033307520275,0.013040571086545551,0.012087655150997722
ecoli,8,0.93145668491318,328.0,0.011233981495833559,0.003048780487804878,0.00283980696619872
ecoli,8,0.9299199964215539,320.0,3.357684573316674,0.010492764291614606,0.009757431332510462
ecoli,8,0.9418509640179645,303.0,4.203293797232443,0.013872256756542717,0.01306559839925448
ecoli,8,0.9500644589965,286.0,6.434507952553403,0.02249827955438253,0.021374815793186456
ecoli,9,0.9196376168384629,328.0,3.7766286259706874,0.011514111664544779,0.010588810211193908
ecoli,9,0.9087396221068388,320.0,4.137108900068412,0.012928465312713789,0.011748608682696901
ecoli,9,0.9247726626873729,303.0,4.815776158000119,0.01589365068646904,0.014698013665148967
ecoli,9,0.928174305784511,286.0,6.990028439176427,0.024440658878239256,0.02268519158722577
segment,0,0.9120111505223566,2264.0,79.61486780383814,0.03516557765187197,0.03207139893306703
segment,0,0.9150261975063269,2195.0,48.93547099467315,0.02229406423447524,0.02039965282343368
segment,0,0.9057945989635792,2079.0,71.71984032349701,0.03449727769287975,0.03124744781315724
segment,0,0.9083651055499101,1964.0,68.94038950480137,0.03510203131609031,0.03188546038145663
segment,1,0.8903520404981836,2264.0,87.21769092445766,0.03852371507264031,0.03429966832249593
segment,1,0.8982998446920993,2195.0,78.43597091955382,0.03573392752599263,0.032099781546837916
segment,1,0.9052152360233838,2079.0,74.62157373467973,0.03589301285939381,0.03249090210710652
segment,1,0.9120306546165243,1964.0,73.57637467605662,0.03746251256418361,0.03416695985749215
segment,2,0.9104162657265114,2264.0,84.80381655711949,0.03745751614713758,0.0341019319740675
segment,2,0.9261685064941975,2195.0,77.04769573702269,0.03510145591663904,0.03250986300208549
segment,2,0.9058603670724759,2079.0,72.77282030487777,0.03500376157040778,0.031708520305087015
segment,2,0.9126073566437407,1964.0,68.28273945778369,0.0347671789499917,0.03172878327951183
segment,3,0.9122128894840346,2264.0,83.49069003651584,0.0368775132670123,0.03364014293428711
segment,3,0.9149276956752463,2195.0,88.47012939679325,0.040305298130657516,0.036876433542186296
segment,3,0.9001981687586951,2079.0,75.9541406648292,0.03653397819376104,0.03288782026749378
segment,3,0.9050348481157555,1964.0,69.98947792632623,0.03563619039018647,0.03225199415720656
segment,4,0.8849074581293319,2264.0,84.27953127037117,0.037225941373838854,0.03294151315759527
segment,4,0.8840732865080306,2195.0,94.4342583204824,0.043022441148283554,0.03803499093956137
segment,4,0.8969376101280228,2079.0,77.76123799006905,0.03740319287641609,0.03354833042973013
segment,4,0.9053961351946072,1964.0,70.96175639357136,0.03613124052625833,0.03271308553226106
segment,5,0.9097232719863216,2264.0,84.8651338872287,0.03748459977351091,0.034100612755056076
segment,5,0.9109986248095554,2195.0,89.97195379937929,0.040989500591972344,0.03734137867091726
segment,5,0.9079327774138036,2079.0,74.3742065095937,0.03577402910514368,0.03248041360471535
segment,5,0.9090192405246398,1964.0,72.91703543169024,0.03712680011796855,0.03374897564634588
segment,6,0.9037943163570268,2264.0,84.72499126634656,0.037422699322591235,0.033822422950495916
segment,6,0.8864321285002282,2195.0,82.88345102676931,0.03776011436299285,0.03347177854719979
segment,6,0.8950885827524808,2079.0,78.89223465573468,0.0379472028166112,0.033966107988541466
segment,6,0.9049033813117482,1964.0,73.07440129810732,0.037206925304535295,0.033668672516287634
segment,7,0.9276680771757327,2264.0,77.43737343960845,0.03420378685495073,0.03172976118386075
segment,7,0.9021589709039661,2195.0,80.93108691676409,0.036870654631783184,0.03326319183916507
segment,7,0.904955810012527,2079.0,73.70737515462486,0.03545328290265746,0.03208365434677766
segment,7,0.9097309345392054,1964.0,70.66577181435821,0.035980535547025565,0.032732606228416665
segment,8,0.9077778733528392,2264.0,44.02385070213211,0.01944516373769086,0.017651889384798756
segment,8,0.8922035776581311,2195.0,80.86179106672512,0.03683908476843969,0.032867963228053056
segment,8,0.8973434140575217,2079.0,78.08655762140552,0.03755967177556783,0.03370392410196797
segment,8,0.9033709407861372,1964.0,72.69167937129214,0.03701205670636056,0.0334356164872548
segment,9,0.9110801165631681,2264.0,86.70052523659164,0.03829528499849454,0.034890072720248154
segment,9,0.8982850347905579,2195.0,76.20898701886937,0.03471935627283342,0.031187878157447946
segment,9,0.90037362494227,2079.0,75.54765975264979,0.03633846067948523,0.03271819156681026
segment,9,0.9084499981082672,1964.0,68.25972033151163,0.03475545841726661,0.031573596133417814
