dataset,n,c,d,T3_norm,lambda2_LR,mean_cos,alpha,block_gap_mean,block_gap_min,block_cos_mean,n_blocks,error
iris,150,3,4,0.0561,3.0475,0.3827,0.020316,40.6236,39.2615,0.9743,3,
wine,178,3,13,0.0376,25.9004,0.4748,0.145508,46.7987,40.6426,0.9544,3,
seeds,210,3,7,0.0521,12.2672,0.4049,0.058415,54.4684,52.4334,0.9606,3,
glass,214,6,9,0.0331,0.8481,0.4138,0.004673,30.3954,8.3432,0.9169,5,
ecoli,336,8,7,0.0322,0.0114,0.2959,0.002976,35.0946,8.9833,0.9429,7,
balance,625,3,4,0.0171,227.0081,0.6215,0.363213,167.8373,165.4728,0.9197,3,
compound,399,6,2,0.0705,0.2695,0.2103,0.002506,59.2553,26.8888,0.9739,6,
aggregation,788,7,2,0.0719,1.1817,0.1814,0.0015,100.5474,42.223,0.9891,7,
segment,2310,7,19,0.0405,76.7941,0.2935,0.033244,225.8373,47.2312,0.9306,7,
shuttle,4997,7,9,0.0269,0.5286,0.4215,0.0002,530.0727,105.9622,0.9511,5,
usps,,,,,,,,,,,,"MemoryError((9298, 256), dtype('float64')) | Traceback (most recent call last):
  File ""D:\P2OLSAL_FSS\experiments\rerun_supplement.py"", line 22, in cumulant_spectral_diagnosis
    U, V, _ = plcfcm_fit(X, c=c, max_iter=100, tol=1e-6, seed=42)
  "
letter,7990,26,16,0.0038,287.96,0.338,0.03604,208.3677,42.7532,0.8593,26,
fashion,10000,10,50,0.0,0.5797,0.9998,0.0001,1245.7425,3.0,1.0,8,
