dataset,n,d,c,third_cumulant_norm,mean_block_spectral_gap,mean_block_cosine,n_blocks
iris,150,4,3,0.20850921973594774,40.62359054398915,0.9742852666264517,3
wine,178,13,3,0.14053330225074148,46.79870686881242,0.9544468623814956,3
seeds,210,7,3,0.19323425776597825,54.46835953516612,0.960591727307039,3
glass,214,9,6,0.13110205044177908,31.62049789314583,0.9275636691539617,5
ecoli,336,7,8,0.14788949144217614,36.49743134813195,0.9527943649717463,7
segment,2310,19,7,0.1770477451862131,224.43722753700052,0.9405967908198141,7
balance,625,4,3,0.06392985000900679,168.78997537000694,0.9154410148809374,3
aggregation,788,2,7,0.2616415589062015,100.84738669347962,0.9890080256213588,7
compound,399,2,6,0.27036526075021794,56.10155629857777,0.9842774548553196,6
