dataset,cell,n,diff,se,ciL,ciH,t_p,wilc_p,d,noninf_ci,acc
iris,D,30,0.018222222222222226,0.002945799586949331,0.01219738558721118,0.024247058857233272,9.578434622025475e-07,9.289142683097905e-06,1.1293732951375082,True,0.8071111111111111
wine,D,30,0.005430711610486842,0.0038705962409076727,-0.002485546554144946,0.01334696977511863,0.17121299274714474,0.0355683823950231,0.25616408663619855,True,0.9318352059925095
seeds,D,30,0.018095238095238105,0.0023661279051619146,0.0132559631665236,0.02293451302395261,1.9696786552892325e-08,7.368730058613366e-06,1.3962573010200396,True,0.8838095238095235
glass,D,30,0.00638629283489097,0.005467344042914745,-0.004795681265415926,0.017568266935197866,0.2522883295528456,0.3562305023853076,0.21326117502070793,True,0.4489096573208723
ecoli,D,30,-0.026091269841269842,0.015174769942980709,-0.05712715914119838,0.004944619458658702,0.09620236912706735,0.05562157098493218,-0.31391529272416013,False,0.7046626984126984
segment,D,30,-0.03650793650793651,0.013019933616751724,-0.0631366906795172,-0.009879182336355822,0.008911314677621015,0.027021061689395522,-0.5119386151000453,False,0.6879220779220779
balance,D,30,5.3333333333338564e-05,0.0031829276385884797,-0.00645648462187127,0.006563151288537947,0.9867459738170099,0.6901093249046251,0.0030592244049638733,False,0.67952
aggregation,D,30,-0.0035109983079526395,0.00573457509099369,-0.015239521269088781,0.0082175246531835,0.545142908263731,0.06130011800630797,-0.1117811951838326,False,0.9384517766497463
compound,D,30,-0.005764411027568931,0.008663769305601234,-0.023483808823984046,0.011954986768846185,0.5110861817580795,0.558640992568965,-0.12147514702366345,False,0.8929824561403509
letter,D,8,0.0873435544430538,0.007376173966021599,0.06990167459903181,0.1047854342870758,6.952192800494802e-06,0.0078125,4.1865349111967305,True,0.44716833541927403
shuttle,D,8,0.07917250350210125,0.04099611979395526,-0.017767915583888322,0.17611292258809083,0.09475207840998517,0.1953125,0.6827891809178736,False,0.5946317790674405
usps,D,8,0.04260324801032478,0.003451574927134498,0.03444157023143295,0.05076492578921661,5.26107245906858e-06,0.0078125,4.3639564843059615,True,0.7907345665734566
fashion,D,8,0.058625,0.010234269287894619,0.03442479864451317,0.08282520135548682,0.0007141815305559327,0.0078125,2.0252611046738074,True,0.7317875
iris,E,30,0.00022222222222222364,0.00022222222222222367,-0.00023227325380726906,0.0006767176982517163,0.3255819880161937,0.31731050786291415,0.18257418583505533,True,0.7891111111111112
wine,E,30,0.00037453183520599345,0.0003745318352059935,-0.0003914717760796655,0.0011405354464916525,0.3255819880161937,0.31731050786291415,0.18257418583505536,True,0.9267790262172285
seeds,E,30,-0.00015873015873015816,0.0005813467544982843,-0.0013477177733876929,0.0010302574559273767,0.7867584856176066,0.7920689965469446,-0.04984981729645702,True,0.8655555555555554
glass,E,30,-0.002024922118380064,0.0038067333232408487,-0.009810565950766584,0.0057607217140064546,0.5988251192224437,0.8189840833392741,-0.09711699658222823,False,0.4404984423676012
ecoli,E,30,-0.004365079365079361,0.010062680401311199,-0.024945571601148835,0.016215412870990115,0.6676517980692273,0.43792476529865143,-0.07919866073466067,False,0.726388888888889
segment,E,30,-0.011197691197691184,0.006319532861422007,-0.02412258713030318,0.0017272047349208095,0.08691654199076981,0.08362888763853223,-0.32350640442603945,False,0.7132323232323233
balance,E,30,-0.009439999999999997,0.0033132600190783354,-0.016216377603112175,-0.002663622396887818,0.00798265575990182,0.0084938355442462,-0.5201826311121684,False,0.6700266666666669
aggregation,E,30,0.004187817258883227,0.004747574910497636,-0.005522063676312056,0.01389769819407851,0.3849781575102901,0.2646631532549457,0.16104797520434602,False,0.9461505922165822
compound,E,30,8.354218880534485e-05,0.003285362023160856,-0.0066357776061003095,0.006802861983710998,0.979887267085594,0.7617134660941107,0.004642607723741719,False,0.8988304093567252
letter,E,8,0.045463078848560705,0.006158007370018622,0.030901705279927576,0.060024452417193834,0.00015163196278062644,0.0078125,2.6101991614974924,True,0.405287859824781
shuttle,E,8,-0.00047528517110266566,0.0020228599687734344,-0.00525858891084055,0.004308018568635219,0.8209671864605803,0.546875,-0.08306985472847254,False,0.5149839903942366
usps,E,8,0.022800602280060214,0.002589030569415091,0.016678517807506215,0.028922686752614214,4.9119303469271205e-05,0.0078125,3.113609525864036,True,0.770931920843192
fashion,E,8,0.05833749999999997,0.0033826203652958576,0.05033887385028975,0.0663361261497102,5.413469290866334e-07,0.0078125,6.097468440544647,True,0.7315
iris,B,30,0.018222222222222226,0.002945799586949331,0.01219738558721118,0.024247058857233272,9.578434622025475e-07,9.289142683097905e-06,1.1293732951375082,True,0.8071111111111111
wine,B,30,0.005430711610486842,0.0038705962409076727,-0.002485546554144946,0.01334696977511863,0.17121299274714474,0.0355683823950231,0.25616408663619855,True,0.9318352059925094
seeds,B,30,0.018095238095238105,0.0023661279051619146,0.0132559631665236,0.02293451302395261,1.9696786552892325e-08,7.368730058613366e-06,1.3962573010200396,True,0.8838095238095235
glass,B,30,0.00638629283489097,0.005467344042914745,-0.004795681265415926,0.017568266935197866,0.2522883295528456,0.3562305023853076,0.21326117502070793,True,0.4489096573208723
ecoli,B,30,-0.026091269841269842,0.015174769942980709,-0.05712715914119838,0.004944619458658702,0.09620236912706735,0.05562157098493218,-0.31391529272416013,False,0.7046626984126984
segment,B,30,-0.03650793650793651,0.013019933616751724,-0.0631366906795172,-0.009879182336355822,0.008911314677621015,0.027021061689395522,-0.5119386151000453,False,0.6879220779220779
balance,B,30,5.3333333333338564e-05,0.0031829276385884797,-0.00645648462187127,0.006563151288537947,0.9867459738170099,0.6901093249046251,0.0030592244049638733,False,0.67952
aggregation,B,30,-0.0035109983079526395,0.00573457509099369,-0.015239521269088781,0.0082175246531835,0.545142908263731,0.06130011800630797,-0.1117811951838326,False,0.9384517766497463
compound,B,30,-0.005764411027568931,0.008663769305601235,-0.02348380882398405,0.011954986768846189,0.5110861817580796,0.558640992568965,-0.12147514702366344,False,0.8929824561403509
letter,B,8,0.0873435544430538,0.007376173966021599,0.06990167459903181,0.1047854342870758,6.952192800494802e-06,0.0078125,4.1865349111967305,True,0.44716833541927403
shuttle,B,8,0.07917250350210125,0.04099611979395526,-0.017767915583888322,0.17611292258809083,0.09475207840998517,0.1953125,0.6827891809178736,False,0.5946317790674405
usps,B,8,0.04260324801032478,0.003451574927134498,0.03444157023143295,0.05076492578921661,5.26107245906858e-06,0.0078125,4.3639564843059615,True,0.7907345665734566
fashion,B,8,0.058625,0.010234269287894619,0.03442479864451317,0.08282520135548682,0.0007141815305559327,0.0078125,2.0252611046738074,True,0.7317875
