dataset,A,D,E,B
aggregation,0.9419627749576988,0.9384517766497462,0.946150592216582,0.9384517766497462
balance,0.6794666666666667,0.67952,0.6700266666666667,0.67952
compound,0.8987468671679198,0.8929824561403509,0.8988304093567251,0.8929824561403509
ecoli,0.7307539682539682,0.7046626984126985,0.726388888888889,0.7046626984126985
fashion,0.6731625,0.7317875,0.7314999999999999,0.7317875
glass,0.4425233644859813,0.44890965732087224,0.4404984423676012,0.44890965732087224
iris,0.788888888888889,0.8071111111111111,0.7891111111111111,0.8071111111111111
letter,0.3598247809762203,0.44716833541927403,0.40528785982478094,0.44716833541927403
seeds,0.8657142857142858,0.8838095238095238,0.8655555555555555,0.8838095238095238
segment,0.7244300144300144,0.6879220779220779,0.7132323232323233,0.6879220779220779
shuttle,0.5154592755653392,0.5946317790674405,0.5149839903942366,0.5946317790674405
usps,0.7481313185631319,0.7907345665734566,0.7709319208431921,0.7907345665734566
wine,0.9264044943820225,0.9318352059925094,0.9267790262172285,0.9318352059925094
