dataset,gamma,d_eff,P2,best,delta
iris,0.9764588374323878,2.894491437920759,0.788888888888889,0.818,-0.029111111111110977
wine,0.932265892934106,2.6217017087354697,0.9264044943820225,0.9275280898876405,-0.0011235955056179137
seeds,0.9561379275300746,2.882187701172695,0.8657142857142858,0.9076190476190475,-0.04190476190476178
glass,0.9019409778919824,3.109504487552412,0.4425233644859813,0.4792834890965732,-0.036760124610591915
ecoli,0.9056052011736698,4.884470823170184,0.7307539682539682,0.7307539682539682,0.0
segment,0.9040718802242084,4.709844256268893,0.7244300144300144,0.7865800865800865,-0.06215007215007207
balance,0.8408315062648983,2.0852220210786414,0.6794666666666667,0.6841066666666666,-0.0046399999999999775
aggregation,0.9948231944745956,6.290218028781704,0.9419627749576988,0.9652707275803721,-0.023307952622673378
compound,0.9825176751053109,5.872341614748814,0.8987468671679198,0.8989974937343359,-0.00025062656641605674
letter,0.7754708975051664,4.190094265144911,0.3598247809762203,0.4786138923654568,-0.11878911138923653
shuttle,0.9268471611562944,3.957066873456597,0.5154592755653392,0.5443015809485692,-0.02884230538322996
usps,0.8412502832786592,2.9218122206375234,0.7481313185631319,0.777089158958916,-0.028957840395784085
fashion,0.6848198402811366,1.0817331370719256,0.6731625,0.77385,-0.10068750000000004
