scheme,dataset,seed,round,n_labeled,gamma,r_within,r_cross,PC,H_norm
P2_Full,fashion,0,0,200,0.6322202999117417,0.9974950094891286,0.9931888831540451,0.11863761660876986,0.978702422112929
P2_Full,fashion,0,1,300,0.6530625539479367,0.9954563997110805,0.9869036901590678,0.12823944146471983,0.9675529834523859
P2_Full,fashion,0,2,400,0.6616483953680733,0.9925356482880136,0.9779390680883382,0.13815600342674803,0.955886232133518
P2_Full,fashion,0,3,500,0.6561225830100311,0.9889932415851986,0.9679922034103146,0.1482751887568733,0.9439303151046226
P2_Full,fashion,0,4,600,0.6553591709951213,0.9857470034188296,0.9586439116272882,0.1584179776032393,0.9319570279999171
P2_Full,fashion,0,5,700,0.6559800426397042,0.9826617532766996,0.9496010439151881,0.16862722899788013,0.9198788107105819
P2_Full,fashion,0,6,800,0.6529738223160704,0.9798184288011542,0.9418442397241078,0.17867343944760028,0.9080401832136513
P2_Full,fashion,0,7,900,0.6508585702924428,0.9779853959755168,0.9369464573627864,0.18826660491219843,0.8969087904213704
P2_Full,fashion,0,8,1000,0.6465147021374665,0.9765253187279528,0.9335907846408473,0.19768422466055316,0.8860631342524125
P2_Full,fashion,0,9,1100,0.6447180800415195,0.9752888150006473,0.9304462636256849,0.20710054217631765,0.875213665535803
P2_Full,fashion,0,10,1200,0.64324174268401,0.9743777644270077,0.9281803993388779,0.2163573361364116,0.8646373390219231
P2_Full,fashion,0,11,1300,0.6408261112899568,0.9736477408597007,0.9266309161978834,0.22551554817130212,0.8542486935698391
P2_Full,fashion,0,12,1400,0.6404004709268576,0.973084294364412,0.9251508874192287,0.23467331864194074,0.8438730771194405
P2_Full,fashion,0,13,1500,0.6402289908416471,0.972427756066198,0.9233616849831664,0.24389567108778637,0.8333734221445367
P2_Full,fashion,0,14,1600,0.6400007428482627,0.972222684477239,0.9228406309987106,0.25287288887520964,0.8233573260985131
P2_Full,fashion,0,15,1700,0.6384553781750995,0.9719479763130457,0.9224106182374907,0.2619097599012327,0.8132135273798852
P2_Full,fashion,0,16,1800,0.6373170419512507,0.9718493482629916,0.9223822043129345,0.27088485031193993,0.8032036563257147
P2_Full,fashion,0,17,1900,0.6348996589752515,0.9717517147483113,0.9226287075700819,0.2797808933304969,0.7933713685041058
P2_Full,fashion,0,18,2000,0.6312405518014109,0.9715756353371549,0.9229189521741076,0.2887328677392363,0.7833825342869856
P2_Full,fashion,1,0,200,0.6509164025850623,0.9973732770884575,0.9924753757237689,0.11872206336436157,0.9785516574036234
P2_Full,fashion,1,1,300,0.6655478518422384,0.995084504460604,0.9853028435712803,0.12842959737763246,0.9672284556513312
P2_Full,fashion,1,2,400,0.6707712444867117,0.9919852242657373,0.9756559061137684,0.1384632262809152,0.9553823401601094
P2_Full,fashion,1,3,500,0.6683621760416651,0.9884272275172421,0.9651041840022089,0.1487248074487709,0.9431811086190759
P2_Full,fashion,1,4,600,0.6682498932070223,0.984912862425785,0.9545225841219402,0.1591315156768581,0.9307491386327722
P2_Full,fashion,1,5,700,0.6697425675460414,0.982406715339909,0.9467285731334942,0.16921933850822676,0.9187872201279248
P2_Full,fashion,1,6,800,0.6705645411243686,0.9805405084517144,0.9409307922872019,0.1790037472965113,0.9073534889328339
P2_Full,fashion,1,7,900,0.6689422927706781,0.979171783524639,0.9370858432818981,0.1885054690663895,0.8963244173438172
P2_Full,fashion,1,8,1000,0.6675186877885534,0.9781728950450981,0.9343508818293503,0.19785902208536105,0.8855657771483442
P2_Full,fashion,1,9,1100,0.6659179840386293,0.9773947998292012,0.9323363752288522,0.2071363500695174,0.8749505645513919
P2_Full,fashion,1,10,1200,0.6625883922142015,0.976799980150175,0.9312411923167941,0.21627405525789956,0.8645601263414417
P2_Full,fashion,1,11,1300,0.6549976426836488,0.9758767922665987,0.9300781365059445,0.22544143009697162,0.8541421402307348
P2_Full,fashion,1,12,1400,0.6499659946484458,0.9751939621189296,0.9291324914099228,0.23457559913742443,0.8437953720945003
P2_Full,fashion,1,13,1500,0.6434932618151777,0.9743873409088813,0.928156591873895,0.2436687709060504,0.8335445731025244
P2_Full,fashion,1,14,1600,0.638412951861153,0.973818643352994,0.9275932122520257,0.25267988155043075,0.8234534228979459
P2_Full,fashion,1,15,1700,0.6316083835805958,0.973276882440766,0.9274600279480563,0.2616176308277664,0.8135236811552473
P2_Full,fashion,1,16,1800,0.6257076427143946,0.972746535229637,0.9271866917935301,0.27062562624421377,0.8034495611274294
P2_Full,fashion,1,17,1900,0.6228731166866543,0.9727406945058643,0.9277184769893835,0.2795337148180882,0.7935460512571554
P2_Full,fashion,1,18,2000,0.6200321928881358,0.9727174088419482,0.9281976245160695,0.28841402974814323,0.7837239149890606
P2_Full,fashion,2,0,200,0.6210332988906178,0.9974738939936698,0.9933342269942576,0.11863907094071635,0.9786934568034019
P2_Full,fashion,2,1,300,0.6369730625264726,0.9955923102131979,0.9878585048881573,0.1281710727718121,0.9676560206241873
P2_Full,fashion,2,2,400,0.6384085476271626,0.992822068439029,0.980149056306868,0.13795088835223226,0.9561813692922968
P2_Full,fashion,2,3,500,0.6420176706225562,0.9895152787361268,0.970711623442121,0.14797423763657275,0.9443018533532106
P2_Full,fashion,2,4,600,0.6412063723591063,0.9859808076216741,0.9609268635273608,0.15813377943836254,0.9321969333782574
P2_Full,fashion,2,5,700,0.6435418826055631,0.9828741314119861,0.951955453523693,0.1682738070711001,0.9201549792232967
P2_Full,fashion,2,6,800,0.6455458006839246,0.9799674677116523,0.9434834392511057,0.17844028985457164,0.9080339419633405
P2_Full,fashion,2,7,900,0.6447420915498545,0.9780367194538719,0.9381765190198145,0.18818151091370935,0.8966686693002859
P2_Full,fashion,2,8,1000,0.6458475895352319,0.9766778619928127,0.9341466066076446,0.1977429552322955,0.8855865570954915
P2_Full,fashion,2,9,1100,0.6461254310022392,0.9753686352105184,0.9303952107684872,0.20728954536034272,0.874509631704196
P2_Full,fashion,2,10,1200,0.64300651391227,0.9743621882186608,0.928184090801481,0.2165107348986184,0.8640926373456362
P2_Full,fashion,2,11,1300,0.6406963317037947,0.9732972805443424,0.9256820294034843,0.22573385753118227,0.8536744850755414
P2_Full,fashion,2,12,1400,0.6401564719574551,0.972251927596006,0.9228885050262365,0.23503833466156898,0.8431273757804509
P2_Full,fashion,2,13,1500,0.6377426491510964,0.9713927762041741,0.9210306603060268,0.2441833718867168,0.8328766061087998
P2_Full,fashion,2,14,1600,0.6379628115880447,0.9710418712863031,0.9200133863575751,0.25319479064400446,0.8228748019544472
P2_Full,fashion,2,15,1700,0.6394844039065942,0.9708020406533943,0.9190105513797499,0.26221792135817884,0.8128263796576475
P2_Full,fashion,2,16,1800,0.6401959637305832,0.9707218532760407,0.9186275200591796,0.2712115620612086,0.8028031536160735
P2_Full,fashion,2,17,1900,0.638284840962103,0.9707385733666304,0.9191036761876383,0.28009946291697063,0.7929370419881345
P2_Full,fashion,2,18,2000,0.6367909903366532,0.9707371840374842,0.9194325713736037,0.2890537472017442,0.7829478991487027
P2_Full,letter,0,0,159,0.7759842141429845,0.8507829918101365,0.3338995838217157,0.20658947890097565,0.7321200908116617
P2_Full,letter,0,1,239,0.7713592801577694,0.854540491538836,0.36380751179608023,0.20477226038866095,0.7392495362568091
P2_Full,letter,0,2,319,0.7750288939265606,0.8583901820137099,0.3705421978053345,0.20511311108908134,0.7395523563854992
P2_Full,letter,0,3,399,0.7799887173281272,0.8616587949882221,0.3712085883427097,0.21042977911215593,0.734678048231959
P2_Full,letter,0,4,479,0.774571345385025,0.8598649745344016,0.3783619668717597,0.2139204326059343,0.7315630179535637
P2_Full,letter,0,5,559,0.787707384022764,0.865728029526551,0.3675146455030405,0.2259269906161058,0.7169748933825003
P2_Full,letter,0,6,639,0.7884793661752084,0.8689730341630928,0.38054759260299653,0.2272669769972733,0.7169231594601527
P2_Full,letter,0,7,719,0.7870146105974702,0.8697912240707386,0.38864925761093166,0.23101185533078006,0.7141263259771563
P2_Full,letter,0,8,799,0.783495044582066,0.8698720599368582,0.3989609161049127,0.23418350069685862,0.7123964992933204
P2_Full,letter,0,9,879,0.7822031990217014,0.8704377476714142,0.4051232536629615,0.23782439755022478,0.7091803664172
P2_Full,letter,0,10,959,0.78119741498573,0.8711513528732201,0.41111917339378523,0.24271541098689733,0.7050051444321761
P2_Full,letter,0,11,1039,0.7798554487075325,0.8716519482407474,0.416982836932725,0.24729141897615753,0.701497182014189
P2_Full,letter,0,12,1119,0.7775970957867885,0.8715544139828557,0.4224644391603489,0.25277260431903725,0.6969201963383305
P2_Full,letter,0,13,1199,0.7754312914740432,0.8722425025432612,0.43109840059497023,0.2574661453414363,0.6930935814833973
P2_Full,letter,0,14,1279,0.7730028726599489,0.8722724508457588,0.43731645130953517,0.2634427332443506,0.6881706106374438
P2_Full,letter,0,15,1359,0.7717853117807411,0.8731672167103655,0.4442391754917237,0.2693266098225152,0.6831972840309529
P2_Full,letter,0,16,1439,0.7696504102816635,0.8734032801970927,0.4504148240172454,0.2755596296251271,0.6778291155888005
P2_Full,letter,0,17,1519,0.7670380054843555,0.873398848606612,0.4565587762218179,0.2817879944975671,0.6725522856040844
P2_Full,letter,0,18,1598,0.766097822507611,0.8751626069613749,0.4662837499976363,0.2873538757009228,0.6681519939407692
P2_Full,letter,1,0,159,0.7999851819732948,0.8600739089833003,0.30042137679010694,0.23165229944958435,0.6990713247639728
P2_Full,letter,1,1,239,0.7866771430094427,0.8576861764169327,0.3328711906883625,0.21721732473243413,0.7180726044046796
P2_Full,letter,1,2,319,0.7895805457461446,0.8617582322761291,0.3430181243741259,0.21951369140742788,0.7179351641541122
P2_Full,letter,1,3,399,0.7862398160612869,0.8621114180005901,0.35493795215415874,0.2202352668372583,0.7182811124407167
P2_Full,letter,1,4,479,0.7806290374231044,0.8593411307563604,0.35880816863200543,0.224171148984591,0.7150960490825832
P2_Full,letter,1,5,559,0.7804494857919225,0.8614055774785419,0.3687356050093041,0.22400536768976195,0.7157448161980792
P2_Full,letter,1,6,639,0.7776525801929135,0.8617315715342325,0.3781424197063666,0.2268315305094987,0.7148177089425829
P2_Full,letter,1,7,719,0.7768752213399925,0.8631239735394706,0.3865494129224524,0.22808189396453873,0.7136082965756023
P2_Full,letter,1,8,799,0.7730354194711457,0.8636307479245648,0.3991606454289972,0.22971638718447723,0.7142882793643215
P2_Full,letter,1,9,879,0.7686042205947932,0.8650836574460005,0.4169455341804574,0.22960175230155044,0.7158045683029651
P2_Full,letter,1,10,959,0.764223918872728,0.8653388778109067,0.4288601220901487,0.23309696999592106,0.7137600842286451
P2_Full,letter,1,11,1039,0.7629558139358675,0.8661664314325606,0.4354066607175478,0.23816818820978397,0.7094059390652624
P2_Full,letter,1,12,1119,0.7595963229921674,0.8663830441977757,0.4441975369708218,0.24299250775287176,0.7059692993001784
P2_Full,letter,1,13,1199,0.7573528617369935,0.8666305195733445,0.4503562606120842,0.24923392294798136,0.7007546986589803
P2_Full,letter,1,14,1279,0.7565571377456436,0.8674625719316682,0.4555706959695013,0.25584204273902256,0.6951969040353639
P2_Full,letter,1,15,1359,0.7531889325031562,0.8679470696908294,0.4649634975916979,0.26223651935817854,0.6905726062862914
P2_Full,letter,1,16,1439,0.7513986548463104,0.868439293816079,0.4707964830094223,0.26888950988327515,0.6852692410724749
P2_Full,letter,1,17,1519,0.7507413873409122,0.8691734011994658,0.47513709795269393,0.2763171594792082,0.6788376490249409
P2_Full,letter,1,18,1598,0.7488246170395743,0.8696558155602603,0.48106306078459826,0.28313758359439717,0.6734019500613249
P2_Full,letter,2,0,159,0.7751309374959153,0.8517099131600253,0.34054918365090336,0.20174447416839436,0.7360894203601591
P2_Full,letter,2,1,239,0.7744891482334018,0.8538523470160789,0.3519262960561089,0.20247305552047123,0.7374678246066176
P2_Full,letter,2,2,319,0.771396411358522,0.8545706339002223,0.3638360317787637,0.20226343254996018,0.7399792913361475
P2_Full,letter,2,3,399,0.7664397250548531,0.853280097047259,0.3718113964919804,0.19974011541734504,0.7443918074676514
P2_Full,letter,2,4,479,0.7754194572866627,0.8572574736250452,0.36440385863188307,0.21650841321032002,0.7259152995729654
P2_Full,letter,2,5,559,0.7744105084133135,0.8585434650712849,0.3729471442407231,0.2179807357324298,0.7258469106841718
P2_Full,letter,2,6,639,0.7738724568844233,0.8595746040625868,0.3789991524135563,0.22131355670477482,0.72321924738203
P2_Full,letter,2,7,719,0.7705122026733552,0.8596084839206105,0.3882397333764934,0.22217533806397605,0.7233455044850838
P2_Full,letter,2,8,799,0.7699781949958121,0.8623104268965068,0.40140643144250476,0.22328252020018138,0.7235939232163874
P2_Full,letter,2,9,879,0.7680107000209493,0.8631011490296508,0.4098915295545462,0.22652389285357205,0.7217066872747403
P2_Full,letter,2,10,959,0.7671604789651295,0.8638572360608576,0.4152935750166168,0.23210924250832793,0.7169058401738357
P2_Full,letter,2,11,1039,0.7660761235390176,0.8642504017002873,0.41968472670058937,0.2375378302068836,0.7123642635677261
P2_Full,letter,2,12,1119,0.7648956606931278,0.8652034820352774,0.4266523605556332,0.24305855929186831,0.707995888624694
P2_Full,letter,2,13,1199,0.7644629285571718,0.8663598004183732,0.43261500721314167,0.24873724071979633,0.7031829530278251
P2_Full,letter,2,14,1279,0.7624484436502987,0.8670711519686101,0.4404210602783656,0.2541665847611637,0.6987791332592878
P2_Full,letter,2,15,1359,0.7575668504035037,0.8677922423723751,0.4546630366034082,0.2594447222756851,0.695577619451301
P2_Full,letter,2,16,1439,0.7572603325812849,0.8700932324936911,0.4648309075820492,0.2662827642369804,0.6899743382389164
P2_Full,letter,2,17,1519,0.7568451176505296,0.8718225886782897,0.47285692936451323,0.2726465086067725,0.6851577659788151
P2_Full,letter,2,18,1598,0.7556742130314654,0.8727078329307779,0.4790064174207886,0.27949488877423895,0.6798028274471312
P2_Full,shuttle,0,0,99,0.9274157014061629,0.937987708959866,0.14565143920259324,0.7637455963161992,0.2385286498416404
P2_Full,shuttle,0,1,149,0.94870518832642,0.9546524252688682,0.11594227073673605,0.7912004229957601,0.21492150634228838
P2_Full,shuttle,0,2,199,0.9461302162951364,0.953296963438389,0.13303835007983356,0.7921021001597238,0.2121655770999279
P2_Full,shuttle,0,3,249,0.9490940101856877,0.9555880362593505,0.12756899723099038,0.7951771707909809,0.21053897356496784
P2_Full,shuttle,0,4,299,0.9220616420290567,0.9373535943532294,0.19620572876161624,0.7458746004014807,0.24921553021797377
P2_Full,shuttle,0,5,349,0.9107487530542536,0.9292413049127823,0.20719656577761777,0.7419242442402723,0.25505224360107404
P2_Full,shuttle,0,6,399,0.903769345031251,0.9242248894505122,0.21256786027180405,0.7414116826532937,0.25561616339801635
P2_Full,shuttle,0,7,449,0.9375038079333361,0.9482599679591954,0.1721090464901582,0.761777347988692,0.24125396391974605
P2_Full,shuttle,0,8,499,0.9366264091446684,0.947713640733674,0.1749503450785242,0.7613214544763361,0.24174465477851365
P2_Full,shuttle,0,9,549,0.9353755564967895,0.9469704522680421,0.17941966139602536,0.7608498930957164,0.24216818767371653
P2_Full,shuttle,0,10,599,0.9332012713936397,0.9430117293877568,0.146865938900264,0.7680665177196835,0.23778504482138652
P2_Full,shuttle,0,11,649,0.933774191104828,0.9436633458539412,0.14932478612328628,0.7680552106294345,0.23774117843701206
P2_Full,shuttle,0,12,699,0.9337494596444411,0.9438245856886357,0.1520761338718538,0.7673694774061125,0.2384830033064729
P2_Full,shuttle,0,13,749,0.9335898034373571,0.9438093004670206,0.15388445688492716,0.7670083974676917,0.23892354371013338
P2_Full,shuttle,0,14,799,0.9333935887915139,0.9438108806584234,0.1564007379755395,0.7666517683920021,0.23935603006607545
P2_Full,shuttle,0,15,849,0.933177499149018,0.9438708290893384,0.16002588655230202,0.7659687245126369,0.24013344196753733
P2_Full,shuttle,0,16,899,0.932911475127124,0.943919928089913,0.16408846346895475,0.765202220052588,0.24104914293088028
P2_Full,shuttle,0,17,949,0.9235156797467464,0.937490861185043,0.18271956123846247,0.7586123292770766,0.24470449236231756
P2_Full,shuttle,0,18,999,0.9246621218281603,0.938503296639325,0.18372132514263287,0.7605038519084764,0.24301669246564186
P2_Full,shuttle,1,0,99,0.9447470999077621,0.9531689862107244,0.1524243304677781,0.771266396619434,0.23070803237467521
P2_Full,shuttle,1,1,149,0.9246562559731174,0.9386193886985167,0.1853257082687208,0.7498345890080553,0.24909888526680363
P2_Full,shuttle,1,2,199,0.9317111593861127,0.9419202279044614,0.14949834301730053,0.7636458974706465,0.2406221731454341
P2_Full,shuttle,1,3,249,0.9341733139686254,0.9440244027845857,0.1496519027445041,0.766066625808199,0.23882906808372056
P2_Full,shuttle,1,4,299,0.9367445080864895,0.9464484608478454,0.15340885775774474,0.7648961310499357,0.24055760882201047
P2_Full,shuttle,1,5,349,0.9276572827860012,0.9430058574432036,0.21216475200674892,0.7558974665726929,0.2372040124032906
P2_Full,shuttle,1,6,399,0.9268832897212688,0.9427407352435718,0.21687854201662246,0.7565945098939755,0.23639042373072688
P2_Full,shuttle,1,7,449,0.9258880488267331,0.9423676714794355,0.222361203447128,0.7570045999745817,0.2358070826281936
P2_Full,shuttle,1,8,499,0.9212371984116043,0.9381642838462501,0.21491218053802227,0.7660814283564091,0.22519757502426152
P2_Full,shuttle,1,9,549,0.9186397645643041,0.9364495051522287,0.2188998162622181,0.7664012131882582,0.22510885304598793
P2_Full,shuttle,1,10,599,0.9156441682437169,0.9352070352039146,0.23190888588139136,0.7590466041576813,0.2333439300374658
P2_Full,shuttle,1,11,649,0.9123681052233448,0.933126761524237,0.23688471365134028,0.7578375050436874,0.23445223649785948
P2_Full,shuttle,1,12,699,0.912733283045619,0.932918314831582,0.23130275195885805,0.7637469123219333,0.22719995880809804
P2_Full,shuttle,1,13,749,0.9166472044677928,0.9360406131380389,0.23266656560730076,0.7616426547917736,0.22875128940992984
P2_Full,shuttle,1,14,799,0.9218522385782858,0.941572966195689,0.25235179176768574,0.7505362995154081,0.2381896110249366
P2_Full,shuttle,1,15,849,0.9367505171649051,0.9499526851536488,0.2087316353742316,0.7860102417994561,0.2096218480537141
P2_Full,shuttle,1,16,899,0.93574410037387,0.9496202014582047,0.21595061566443163,0.7820174551507607,0.21360128800294123
P2_Full,shuttle,1,17,949,0.9390299526787484,0.9522109625919205,0.21618828412123836,0.7876016174618954,0.20804920634206692
P2_Full,shuttle,1,18,999,0.940350837020759,0.9537257592237545,0.2242264859215246,0.7862380357870131,0.210245125679645
P2_Full,shuttle,2,0,99,0.9102453184192891,0.9250059205422111,0.16445495502815313,0.7435120060281069,0.2588002448680862
P2_Full,shuttle,2,1,149,0.9098128964991669,0.9249321177954892,0.16764283039850272,0.7403777035799357,0.26227283516403643
P2_Full,shuttle,2,2,199,0.9380719949199922,0.9479762275790232,0.15993140173392092,0.7678456649445077,0.23177440700256347
P2_Full,shuttle,2,3,249,0.9302357887043214,0.9428173585156937,0.18034418475754382,0.7574451391545834,0.2415609957505364
P2_Full,shuttle,2,4,299,0.9404477268188948,0.9511763093245453,0.1801540383357616,0.7749634543584076,0.2208222821732162
P2_Full,shuttle,2,5,349,0.942472592467153,0.9528128257035889,0.17974446754847964,0.7761649172959445,0.21995388092035686
P2_Full,shuttle,2,6,399,0.9248060470004037,0.9405633100582118,0.20955492335790277,0.7636642330873845,0.22882416754425658
P2_Full,shuttle,2,7,449,0.9245874082540512,0.9406408896205005,0.21287534342448539,0.7642178250453959,0.22836852359700804
P2_Full,shuttle,2,8,499,0.9225658698679682,0.9393889034215136,0.21725605395012107,0.764403456523279,0.22832184819839774
P2_Full,shuttle,2,9,549,0.9204028873758052,0.9381128665759889,0.22249524657758138,0.7643118609179297,0.22842311105640603
P2_Full,shuttle,2,10,599,0.9173710192083714,0.9361236233027722,0.226949478436514,0.762977131090201,0.23003041433138915
P2_Full,shuttle,2,11,649,0.9582631996707008,0.9647289017127065,0.15491609301604212,0.8365178039232672,0.17253868095929287
P2_Full,shuttle,2,12,699,0.9056126852467125,0.9275888839110965,0.23283000180507418,0.7522445652552423,0.24046636013661568
P2_Full,shuttle,2,13,749,0.9088357219026432,0.930506440743214,0.23771063943958443,0.7536006641842283,0.23935316914499496
P2_Full,shuttle,2,14,799,0.9100669256569008,0.9319142068871276,0.24292821511781337,0.754599674412843,0.23811947495542812
P2_Full,shuttle,2,15,849,0.9106576103306524,0.932795902356746,0.2477915814433276,0.7552415527327082,0.2370683910830786
P2_Full,shuttle,2,16,899,0.9126449074140022,0.9346749879097495,0.25218999652549895,0.7560465235939351,0.23588195465580758
P2_Full,shuttle,2,17,949,0.915222347782202,0.937084300768781,0.25787400823998485,0.7565493615586003,0.23505789938647406
P2_Full,shuttle,2,18,999,0.9164452864346917,0.9384896872303302,0.26383192347859674,0.7577926169306819,0.23352177680801578
P2_Full,usps,0,0,185,0.8489640308435112,0.9204123062738832,0.4730547023295104,0.303692410707522,0.737362723288752
P2_Full,usps,0,1,278,0.84896669245816,0.9177608679955224,0.45549009458264444,0.3155067859420375,0.7268741498045175
P2_Full,usps,0,2,371,0.8462939148989349,0.9155085676721803,0.45030522199388023,0.32195153971087476,0.720392923757049
P2_Full,usps,0,3,464,0.8447055851715961,0.9144136357817481,0.44887673962503666,0.32764620294568303,0.7146611496799998
P2_Full,usps,0,4,557,0.842956219014706,0.9135052556903167,0.4492316488624093,0.332903222040369,0.7092736482458087
P2_Full,usps,0,5,650,0.8412727625243459,0.91304474922288,0.4521718379275806,0.33710615528232135,0.705074271892184
P2_Full,usps,0,6,743,0.8434549272067593,0.9162920583870248,0.4652789760841993,0.33822941339567963,0.7046756288567384
P2_Full,usps,0,7,836,0.845658401902271,0.9182437893172202,0.4702905004844395,0.34319405757653615,0.6999365298145124
P2_Full,usps,0,8,929,0.8467317949500693,0.9191413802904144,0.4724370936343641,0.3493680759884813,0.6935598589860588
P2_Full,usps,0,9,1022,0.8464679871632393,0.9191692388210941,0.47352503438584287,0.3558958325566821,0.6867116516017328
P2_Full,usps,0,10,1115,0.8460138240921168,0.919144137379112,0.4749147957979222,0.3624546952904545,0.6798763090901385
P2_Full,usps,0,11,1208,0.8455454070592727,0.9191676590566817,0.4766595191226324,0.3687833762188217,0.6732482952013135
P2_Full,usps,0,12,1301,0.845825618156095,0.9196450712088439,0.47880492316478346,0.3750142199454399,0.6666871809952619
P2_Full,usps,0,13,1394,0.8457325927856476,0.9198171423521879,0.4802346192517574,0.38161019693361703,0.659676539902993
P2_Full,usps,0,14,1487,0.8457473926006104,0.9201005827416702,0.4820222581297773,0.3880544662991873,0.6528947633341635
P2_Full,usps,0,15,1580,0.8454097200711617,0.920222078220315,0.483939599459884,0.394545540115126,0.6460738257588424
P2_Full,usps,0,16,1673,0.8447924316177798,0.9201809430605695,0.4857270314108332,0.40107979085180134,0.6391867004476847
P2_Full,usps,0,17,1766,0.8449354731919775,0.9204791855408295,0.4871759770200623,0.4077429880399528,0.6321024574276932
P2_Full,usps,0,18,1859,0.8446468451033011,0.9206401399789812,0.48916479955757153,0.41427551167217486,0.625193554188631
P2_Full,usps,0,19,1860,0.8446294401624206,0.9206360444617238,0.4891956647305557,0.41435928989961546,0.6251063814937314
P2_Full,usps,1,0,185,0.851349198166533,0.9216921317220002,0.473209243999048,0.30043969220036243,0.7376117685400624
P2_Full,usps,1,1,278,0.8194779833747591,0.9025294438656615,0.46006277817799407,0.3106790610575699,0.7219530791297195
P2_Full,usps,1,2,371,0.844627254949163,0.9139785212037035,0.44635412878783304,0.3229129622087843,0.7176906301765508
P2_Full,usps,1,3,464,0.8430251375901027,0.9127661623916737,0.4442814838688072,0.32897356615843426,0.7114424528163967
P2_Full,usps,1,4,557,0.841923252884472,0.9126554998621746,0.44745510183106824,0.33327107109435383,0.7069116090448984
P2_Full,usps,1,5,650,0.8416025957186628,0.9133541785869775,0.4529845876822158,0.33722900581324033,0.7031391477712511
P2_Full,usps,1,6,743,0.8430767208296535,0.9152087938441622,0.4596645787410956,0.3414573919088103,0.6989554327807872
P2_Full,usps,1,7,836,0.8436637125712313,0.9161829954002033,0.4638672442699128,0.3465461532545031,0.6940402831504988
P2_Full,usps,1,8,929,0.8438818486514353,0.9164832007647271,0.4650410697676972,0.3529222419497237,0.6874044304870719
P2_Full,usps,1,9,1022,0.8437464753419246,0.916646027665323,0.4665466105991666,0.35905654055736747,0.6812141998294388
P2_Full,usps,1,10,1115,0.8438572404509528,0.9170699210412059,0.46888296839185606,0.36519987494355965,0.6748741828003632
P2_Full,usps,1,11,1208,0.8439656387278349,0.9174253489796517,0.47079187976860876,0.3714400812191382,0.6683107789147891
P2_Full,usps,1,12,1301,0.8434786379445683,0.9174788755986736,0.4727804350942093,0.3776551696006603,0.6618418610667197
P2_Full,usps,1,13,1394,0.8431270709712239,0.9175761287669716,0.47458193237464885,0.3840209048035425,0.6552561986276243
P2_Full,usps,1,14,1487,0.8428735265535664,0.9176836649507145,0.4761141566806169,0.3905508115427737,0.6483965586289244
P2_Full,usps,1,15,1580,0.8431976919868606,0.9181812589334143,0.4782044849765244,0.39689704514186286,0.6417070184349422
P2_Full,usps,1,16,1673,0.8432575403330687,0.9185571569159672,0.48040343849972644,0.4031659277011836,0.6351810395587371
P2_Full,usps,1,17,1766,0.843517361442074,0.9190518344112854,0.4827019384725572,0.40951206836321685,0.6285739235903642
P2_Full,usps,1,18,1859,0.8433566963511293,0.9192208883925843,0.4843117469707548,0.4161470329668704,0.6216637883253618
P2_Full,usps,1,19,1860,0.8433070709203541,0.9192027500278931,0.484359310616765,0.4162114112802128,0.621597104588416
P2_Full,usps,2,0,185,0.8414142802281831,0.9128002373405291,0.4501411426896476,0.3088842020039932,0.7305832225687785
P2_Full,usps,2,1,278,0.83509127746974,0.9093398417100917,0.45024036995209576,0.3100329907476974,0.7293943005552358
P2_Full,usps,2,2,371,0.840847732682996,0.9103908563245885,0.4369596790165391,0.3273315079828604,0.7123912831556041
P2_Full,usps,2,3,464,0.8395579797341052,0.9099726461204567,0.43887920552019843,0.33178293728929587,0.707896100062956
P2_Full,usps,2,4,557,0.8399842106542089,0.9117485790350722,0.44848304454369725,0.33356366382815406,0.7064507909539114
P2_Full,usps,2,5,650,0.8424717725567977,0.9148526315021163,0.4594786605557148,0.335815026020729,0.7051634532411335
P2_Full,usps,2,6,743,0.8427508531418645,0.9154279208720336,0.4621778189724346,0.34140008051073883,0.6994014897902288
P2_Full,usps,2,7,836,0.8427717927876662,0.9157062579856597,0.4638764665140321,0.34747569507262127,0.6931772973321052
P2_Full,usps,2,8,929,0.8433032790522627,0.9163884464191463,0.4664115938409428,0.3534754047026387,0.6868629353537078
P2_Full,usps,2,9,1022,0.8425519363752505,0.9162453212889677,0.46804884872609664,0.35972634745835363,0.680366351832911
P2_Full,usps,2,10,1115,0.8428708034219428,0.9166057586397036,0.469263235754734,0.3660071278682686,0.6738131782338092
P2_Full,usps,2,11,1208,0.8425325999995035,0.9165915264245181,0.47031275314624565,0.372473064458903,0.6670504935770648
P2_Full,usps,2,12,1301,0.8426241577319358,0.9169570211956675,0.47232702549809213,0.37872585758740446,0.66064123374151
P2_Full,usps,2,13,1394,0.8431595184754658,0.9175039921639165,0.4740132966043035,0.38501351414998597,0.654125737695627
P2_Full,usps,2,14,1487,0.8430545988192406,0.9177654124195194,0.4760306006942616,0.391280711488235,0.6475523195905204
P2_Full,usps,2,15,1580,0.8428727096057879,0.9180257304460318,0.47829387658690364,0.3975016644544456,0.6410831422788215
P2_Full,usps,2,16,1673,0.8427838930814097,0.9183118149804785,0.4804082951766433,0.4037944077500421,0.6345287009575127
P2_Full,usps,2,17,1766,0.843010577985388,0.918779698936866,0.48263838403345183,0.4101828785163086,0.6277878133316123
P2_Full,usps,2,18,1859,0.8424436634658857,0.9188023462940716,0.48464368052663315,0.4167185416937215,0.6208445476682689
P2_Full,usps,2,19,1860,0.8423240096275613,0.9187456522498572,0.4846752028751114,0.4167997904280499,0.6207605095467847
