phase,config_id,kappa,rho_expl,lam,alpha0,eps_q,mc_samples,alpha_cross_frac,dataset,seed,eta,budget_frac,budget_count,ACC,NMI,ARI,zeta_t,sel_time,retrain_time,total_time,error
3,0,1.0,0.0,0.1,50.0,0.1,50,0.25,segment,0,0.0,0.1,231,0.716017316017316,0.6854144297533933,0.5824912014803323,-0.00027510935871479284,6.160017300000163,0.45697759999984555,7.489410700000008,
3,0,1.0,0.0,0.1,50.0,0.1,50,0.25,segment,0,0.0,0.2,462,0.7666666666666667,0.7173173678557638,0.61888549253946,0.005308552487113987,5.517422600000373,0.8665439999999762,14.372606100000212,
3,0,1.0,0.0,0.1,50.0,0.1,50,0.25,segment,1,0.0,0.1,231,0.6155844155844156,0.6106023771831343,0.48999969462316884,-0.005343384061018948,6.160029300000133,0.7282847999999831,7.769400200000291,
3,0,1.0,0.0,0.1,50.0,0.1,50,0.25,segment,1,0.0,0.2,462,0.7735930735930736,0.7202933139961721,0.6412057171253465,0.009595470613800406,5.551508200000171,0.7558997000001,14.560931200000141,
3,0,1.0,0.0,0.1,50.0,0.1,50,0.25,segment,2,0.0,0.1,231,0.7354978354978355,0.6973011181338165,0.6163919700649628,-0.002192032938389107,6.092084599999907,0.7306651999997484,7.879808599999706,
3,0,1.0,0.0,0.1,50.0,0.1,50,0.25,segment,2,0.0,0.2,462,0.7835497835497836,0.7550002432089972,0.6691758261828441,0.010118829466413067,5.478454600000077,0.919403500000044,14.687174499999855,
3,0,1.0,0.0,0.1,50.0,0.1,50,0.25,segment,3,0.0,0.1,231,0.7385281385281385,0.6895251933922938,0.6116209549549723,-0.000552605457577346,6.045928300000014,0.5638269000000946,7.66317429999981,
3,0,1.0,0.0,0.1,50.0,0.1,50,0.25,segment,3,0.0,0.2,462,0.7883116883116883,0.7358095371543701,0.6562282890063358,0.006497126098310709,5.512707599999885,0.9714976999998726,14.617948999999953,
3,1,0.1,0.1,1.0,1.0,0.05,50,0.5,segment,2,0.0,0.1,231,0.5961038961038961,0.5832482464684008,0.4486057507179964,0.11707622490455605,6.2101621000001614,0.7542364999999336,7.418569399999797,
3,1,0.1,0.1,1.0,1.0,0.05,50,0.5,segment,2,0.0,0.2,462,0.7948051948051948,0.7557573222472088,0.6507577095959897,0.10148627851167516,5.346887700000025,0.37891270000000077,13.556501300000036,
3,0,1.0,0.0,0.1,50.0,0.1,50,0.25,segment,4,0.0,0.1,231,0.7051948051948052,0.6464705952912932,0.5608152780816985,0.0010859814899884521,6.244309300000168,0.7463266000004296,7.604584100000011,
3,0,1.0,0.0,0.1,50.0,0.1,50,0.25,segment,4,0.0,0.2,462,0.770995670995671,0.7132798270260364,0.6254663848478441,0.010625913388803063,5.315348099999937,0.5145888000001833,13.977907400000277,
3,1,0.1,0.1,1.0,1.0,0.05,50,0.5,segment,0,0.0,0.1,231,0.5917748917748917,0.6037790220825574,0.48302568286664754,0.11333174951017105,6.299591599999985,0.45473549999996976,7.4850807999996505,
3,1,0.1,0.1,1.0,1.0,0.05,50,0.5,segment,0,0.0,0.2,462,0.8017316017316017,0.7641648360665313,0.6638993276544356,0.090724785067317,5.273778200000379,0.5808661999999458,13.839718700000049,
3,1,0.1,0.1,1.0,1.0,0.05,50,0.5,segment,1,0.0,0.1,231,0.5787878787878787,0.6160752179963345,0.4724008778830273,0.11804652179150711,6.2079116999998405,0.8283308000000034,7.559756300000117,
3,1,0.1,0.1,1.0,1.0,0.05,50,0.5,segment,1,0.0,0.2,462,0.7796536796536796,0.7433703613169081,0.6369465465798523,0.09458834667286121,5.2785923999999795,0.4324248000002626,13.752734600000167,
3,1,0.1,0.1,1.0,1.0,0.05,50,0.5,segment,4,0.0,0.1,231,0.6012987012987013,0.6414479755685675,0.49143412842531536,0.11794872232390649,5.246114999999918,0.7373489000001427,6.480251899999985,
3,1,0.1,0.1,1.0,1.0,0.05,50,0.5,segment,4,0.0,0.2,462,0.6207792207792208,0.6393531160138748,0.479245632612161,0.09735099692460762,5.549567100000331,0.45468540000001667,13.010372400000051,
3,1,0.1,0.1,1.0,1.0,0.05,50,0.5,segment,3,0.0,0.1,231,0.7303030303030303,0.7013305868157548,0.604046233703938,0.11156292828456987,5.25304559999995,0.6171822999999677,6.807532499999979,
3,1,0.1,0.1,1.0,1.0,0.05,50,0.5,segment,3,0.0,0.2,462,0.7389610389610389,0.7347975079118474,0.6536076530752598,0.10332284910189632,5.69865209999989,0.9487915999998222,13.959720500000003,
