dataset,method,ablation,study,expert,eta,seed,budget_frac,budget_count,ACC,NMI,ARI,zeta_t,kappa,delta_mis_proxy,sel_boundary_margin,argmax_retention,sel_time,retrain_time,total_time,error
letter,P2_Full,,newdata,clean,0.0,7,0.05,399,0.327909887359199,0.3686635700938573,0.1599041592096543,-0.08352398584959536,1.0,0.006227702800373661,0.2740496066009823,0.7666666666666667,10.055806200000006,8.44040330000098,35.15821899999901,
letter,P2_Full,,newdata,clean,0.0,7,0.1,799,0.3695869837296621,0.3880872427821755,0.176139553357933,-0.06629087025390377,1.0,0.0059956035288065085,0.33779149908850725,0.7425,12.031328700000813,15.497711399999389,70.34535539999888,
letter,P2_Full,,newdata,clean,0.0,7,0.15,1198,0.39311639549436794,0.40400991648692275,0.19121257369485445,-0.05010795442606896,1.0,0.006334695075228358,0.42941388777578926,0.6190476190476191,11.658119899999292,8.098573999999644,96.81218179999996,
letter,P2_Full,,newdata,clean,0.0,7,0.2,1598,0.4192740926157697,0.4242146208036095,0.20896358914779523,-0.036505651042278965,1.0,0.007036912756040203,0.5167990509601452,0.46,12.079433400000198,7.009898300000714,122.52120289999948,
letter,P2_Full,,newdata,clean,0.0,7,0.3,2397,0.49549436795994994,0.47253655188451593,0.2624440003417612,-0.018169313925231332,1.0,0.007983887732719236,0.6261359152860587,0.20150187734668334,11.813833300000624,6.9318225999995775,144.1158149999992,
letter,P2_Full,,newdata,clean,0.1,0,0.05,399,0.3102628285356696,0.3669012807274014,0.1483935276379548,-0.08467336968131788,1.0,0.006068338542857481,0.2674634633189876,0.7541666666666667,11.821341299999403,14.951930000001084,44.23709620000045,
letter,P2_Full,,newdata,clean,0.1,0,0.1,799,0.3415519399249061,0.37077645652567204,0.16336078458006964,-0.06855297091142988,1.0,0.00592592831961124,0.3343496807110373,0.7125,13.34530569999879,16.21172000000115,85.38576610000018,
letter,P2_Full,,newdata,clean,0.1,0,0.15,1198,0.3639549436795995,0.3867653648700964,0.17560696223253525,-0.05423066909247946,1.0,0.006357856196371245,0.4219311949320284,0.6365914786967418,9.764330699999846,8.929314099999829,109.59120199999961,
letter,P2_Full,,newdata,clean,0.1,0,0.2,1598,0.3986232790988736,0.3951194288909316,0.18594795680352258,-0.03528545496786177,1.0,0.006940954988968187,0.5185996019223058,0.445,12.323351000000912,5.388894099998652,133.1523889,
letter,P2_Full,,newdata,clean,0.1,0,0.3,2397,0.4612015018773467,0.424975805584876,0.2225874726810793,-0.0193273850154158,1.0,0.007911749820067598,0.6309900299975878,0.21151439299123906,11.50617819999934,5.541877800000293,153.79271280000103,
letter,P2_Full,,newdata,clean,0.1,1,0.05,399,0.32903629536921153,0.3611484404054055,0.15806734256869354,-0.0964119044730927,1.0,0.006410422728385855,0.24636883605237153,0.75,12.498117200000706,16.335571999999956,47.44388149999941,
letter,P2_Full,,newdata,clean,0.1,1,0.1,799,0.3504380475594493,0.3754044966759891,0.16848099624269539,-0.0717816207270291,1.0,0.0063690960606834525,0.31352514730295555,0.7675,11.190096999998786,14.884254599999622,84.39117869999973,
letter,P2_Full,,newdata,clean,0.1,1,0.15,1198,0.3757196495619524,0.3871622070773806,0.18175578968475117,-0.0503627319956433,1.0,0.006247256818572849,0.42983936159612346,0.6842105263157895,11.628026200000022,9.948202499999752,111.75696280000011,
letter,P2_Full,,newdata,clean,0.1,1,0.2,1598,0.39612015018773467,0.3901986059939257,0.18580466372759769,-0.03290936975477831,1.0,0.006818948151316151,0.5411707524199997,0.395,9.794706200000292,5.709890000000087,130.9706829000006,
letter,P2_Full,,newdata,clean,0.1,1,0.3,2397,0.44180225281602004,0.40768605968795824,0.21064239523536674,-0.01721701319830364,1.0,0.007855209547882554,0.6436851093153003,0.14893617021276595,11.385436099999424,3.8381835000000137,150.2290438,
letter,P2_Full,,newdata,clean,0.1,2,0.05,399,0.302252816020025,0.3639372115947341,0.1570127590556429,-0.08788047529338026,1.0,0.005686654510041671,0.2827756219972539,0.7416666666666667,9.536918300000252,13.535669900000357,38.2048724999986,
letter,P2_Full,,newdata,clean,0.1,2,0.1,799,0.3519399249061327,0.3679703519845119,0.1672682723572522,-0.06832060384656548,1.0,0.00591223728818766,0.353080356008957,0.6825,10.357234999999491,14.761428200001319,69.03943249999975,
letter,P2_Full,,newdata,clean,0.1,2,0.15,1198,0.38085106382978723,0.3833245161992871,0.18382184366301085,-0.048660927966370705,1.0,0.005976167758472949,0.4556618390695934,0.5538847117794486,10.106853699999192,7.088053100000252,100.54090389999874,
letter,P2_Full,,newdata,clean,0.1,2,0.2,1598,0.41364205256570713,0.39129379955827254,0.19466520714462307,-0.032927711880486404,1.0,0.006715127586909394,0.5432661866852665,0.3975,7.863852599999518,9.888564799999585,128.69504439999946,
letter,P2_Full,,newdata,clean,0.1,2,0.3,2397,0.47959949937421775,0.43050942396607483,0.24046438489634323,-0.0158590806413934,1.0,0.0076620718060612155,0.6707717049919756,0.10137672090112641,8.884849099998974,9.135574500000075,149.20173209999848,
letter,P2_Full,,newdata,,0.1,3,0,,0,0,0,,,,,,,,,"MemoryError((50, 7191, 26), dtype('float64'))
Traceback (most recent call last):
  File ""D:\P2OLSAL_FSS\experiments\run_p2_single.py"", line 83, in main
    rows = run_one(ds_name, m, state, expert='clean', eta=eta, seed=seed,
                   budgets=BUDGETS)
  File ""D:\P2OLSAL_FSS\experiments\src\runner_generic.py"", line 108, in run_one
    sel_result = method.select(X, U, V, labeled_mask, budget_count, c,
                               y_true=y_true, seed=seed)
  File ""D:\P2OLSAL_FSS\experiments\src\p2_method.py"", line 48, in select
    gains, point_gains = robust_gain_dv_batch(
                         ~~~~~~~~~~~~~~~~~~~~^
        U[unlabeled], c, kappa=self.kappa, rng=self.rng)
        ^^^^^^^^^^^^^^^^^^^^^^^^^^^^^^^^^^^^^^^^^^^^^^^^
  File ""D:\P2OLSAL_FSS\experiments\src\robust_selection.py"", line 174, in robust_gain_dv_batch
    s_all = g / g.sum(axis=2, keepdims=True)  # (mc_samples, nu, c)
            ~~^~~~~~~~~~~~~~~~~~~~~~~~~~~~~~
numpy._core._exceptions._ArrayMemoryError: Unable to allocate 71.3 MiB for an array with shape (50, 7191, 26) and data type float64
"
letter,P2_Full,,newdata,clean,0.1,4,0.05,399,0.3224030037546934,0.3570888775567321,0.1517759485483388,-0.09588752285518518,1.0,0.00599925818523248,0.26128836266660793,0.7416666666666667,10.075239399999191,11.605523000000176,36.11858320000101,
letter,P2_Full,,newdata,clean,0.1,4,0.1,799,0.3306633291614518,0.3599215431084452,0.15752674459233856,-0.07070431610610703,1.0,0.0056490751478437936,0.34553903721881146,0.7025,9.782963199999358,14.571336999999403,70.41192249999949,
letter,P2_Full,,newdata,clean,0.1,4,0.15,1198,0.36583229036295367,0.37535359148044406,0.17504500546628085,-0.04375671093297897,1.0,0.005972602798936934,0.45224063916800006,0.5839598997493735,9.925049499999659,9.740583299999344,109.10103040000104,
letter,P2_Full,,newdata,clean,0.1,4,0.2,1598,0.41151439299123904,0.4057502633138427,0.20688029078005699,-0.02870860964358017,1.0,0.006577324088492087,0.5774952726601346,0.3025,11.898438599999281,11.359455899999375,148.4194359000012,
letter,P2_Full,,newdata,clean,0.1,4,0.3,2397,0.4688360450563204,0.4414204227223647,0.2482121839479924,-0.010986124188829494,1.0,0.007530548037428681,0.6884774911688576,0.07008760951188986,9.959937800000262,13.543074100000013,174.5595429999994,
letter,P2_Full,,newdata,clean,0.1,5,0.05,399,0.295369211514393,0.3515839389211869,0.15255898921723388,-0.08063290723789608,1.0,0.005743807895843795,0.28817156256380433,0.7416666666666667,12.288770600000134,14.941893499999424,42.42270529999951,
letter,P2_Full,,newdata,clean,0.1,5,0.1,799,0.32978723404255317,0.36455874313942116,0.16012244208677964,-0.060195136350582,1.0,0.005545044016938307,0.37463775064480503,0.6475,7.409636700000192,10.985569599999508,70.06267800000023,
letter,P2_Full,,newdata,clean,0.1,5,0.15,1198,0.36583229036295367,0.37362005202098186,0.16721402359868012,-0.04445529333042372,1.0,0.0056984143912064845,0.47747762458007337,0.5664160401002506,11.42708390000007,8.38746490000085,100.66160370000034,
letter,P2_Full,,newdata,clean,0.1,5,0.2,1598,0.41414267834793494,0.39729578086114786,0.19720340692944102,-0.022191490481337523,1.0,0.006403288357536987,0.5952465101934272,0.3225,8.754114700001082,9.054267299999992,122.67414559999997,
letter,P2_Full,,newdata,clean,0.1,5,0.3,2397,0.47496871088861076,0.4339796960330777,0.24614692167251445,-0.01126638707202371,1.0,0.007568091021992894,0.6803374980743339,0.08886107634543179,7.80140240000037,3.4554921999988437,136.19067259999974,
