method,0.0,0.1,0.2,0.3
P2_Full,0.7150360923117028,0.7018728393827274,0.6898105927320882,0.6721641141862675
BADGE,0.7165043724316332,0.7027751708446892,0.6875966339002353,0.6797552868712164
CoreSet,0.7099889541262583,0.6934265913928604,0.677759218575622,0.6626038924149626
BALD,0.6839130357885429,0.6756752550466397,0.6621680243273613,0.6452054624258643
QBC,0.6774717485665674,0.6729578679302483,0.6619390396221301,0.6528928158862305
Entropy,0.6759985814473715,0.6675852274727586,0.6539097652183157,0.6469696064283508
Random,0.7308011076721718,0.7186074528124355,0.7005521375636777,0.6884990415891037
P2_NoRobust,0.6764734192302715,,0.6539124299051216,
P2_NoRedundancy,0.7012247586680961,,0.6733931269524612,
P2_NoBlock,0.7049789345628807,,0.6749623907693513,
P2_NoExploration,0.7150336854569806,,0.6894834733835561,
P2_NoFMIS,0.7150336854569806,,0.6894834733835561,
SSFCM,0.6734998234094061,0.6644956986260311,0.6532227205122925,0.6463644371743184
CEFCM,0.6522293897810952,0.6495991419900939,0.6464043858049302,0.6431936420437196
GRFCM,0.6644567409659043,0.6605886474153986,0.6541030611878559,0.643935274680515
PLCFCMPassive,0.7100953265895611,0.6960306789820406,0.6802480513758394,0.6691877644004384
