task,config_label,lam,kappa,alpha_cross_frac,dataset,eta,seed,budget_frac,ACC,NMI,ARI,sel_time,retrain_time,total_time,error
noise,k=0.0_lam=0.0,0.0,0.0,0.25,ecoli,0.3,0,0.1,0.5505952380952381,0.5648409491716758,0.41559331521774223,0.0519029999995837,0.04817849999926693,0.2089023000007728,
noise,k=0.0_lam=0.0,0.0,0.0,0.25,ecoli,0.3,1,0.1,0.7023809523809523,0.6061320260292531,0.5777795528600341,0.04028669999934209,0.060251400000197464,0.16308249999929103,
noise,k=0.0_lam=0.0,0.0,0.0,0.25,ecoli,0.3,2,0.1,0.5505952380952381,0.5843710480160167,0.4519728291700673,0.06318849999843223,0.052431000000069616,0.20951549999881536,
noise,k=0.0_lam=0.0,0.0,0.0,0.25,ecoli,0.3,3,0.1,0.5773809523809523,0.5517051667978973,0.38917575951036665,0.0417265000014595,0.02577229999951669,0.11528569999973115,
noise,k=0.0_lam=0.0,0.0,0.0,0.25,ecoli,0.3,4,0.1,0.6815476190476191,0.6314410307001843,0.5240002101873508,0.07496930000161228,0.0833176000014646,0.2781398999995872,
noise,k=0.0_lam=0.0,0.0,0.0,0.25,ecoli,0.3,5,0.1,0.5327380952380952,0.5440318070825191,0.38707467846021343,0.07135600000037812,0.06101259999923059,0.21336950000113575,
noise,k=0.0_lam=0.0,0.0,0.0,0.25,ecoli,0.3,7,0.1,0.6011904761904762,0.5709492147286335,0.4608860123772189,0.07758259999900474,0.0632368000005954,0.2360195000001113,
noise,k=0.0_lam=0.0,0.0,0.0,0.25,ecoli,0.3,6,0.1,0.5446428571428571,0.5699295769100564,0.4352844514654206,0.0615685000011581,0.07519959999990533,0.27370589999918593,
noise,k=0.0_lam=0.0,0.0,0.0,0.25,ecoli,0.3,8,0.1,0.6369047619047619,0.5624201848772095,0.500921083578221,0.11777260000053502,0.02571940000052564,0.44596550000096613,
noise,k=0.0_lam=0.1,0.1,0.0,0.25,ecoli,0.3,1,0.1,0.7023809523809523,0.6061320260292531,0.5777795528600341,0.1876656999993429,0.11057470000014291,0.4434108000004926,
noise,k=0.0_lam=0.0,0.0,0.0,0.25,ecoli,0.3,9,0.1,0.6011904761904762,0.6152748159502999,0.4830409472397954,0.1306748000006337,0.11771930000031716,0.5185856999996759,
noise,k=0.0_lam=0.1,0.1,0.0,0.25,ecoli,0.3,0,0.1,0.5714285714285714,0.5643962897355357,0.42109274548986464,0.05847180000091612,0.08242900000004738,0.4777090000006865,
noise,k=0.0_lam=0.1,0.1,0.0,0.25,ecoli,0.3,4,0.1,0.5922619047619048,0.5912320136029181,0.4650514292277224,0.06958020000092802,0.06559879999986151,0.1923289999995177,
noise,k=0.0_lam=0.1,0.1,0.0,0.25,ecoli,0.3,2,0.1,0.5744047619047619,0.5972683475934804,0.4712168665178014,0.05755150000004505,0.1608974999999191,0.2870511999990413,
noise,k=0.0_lam=0.1,0.1,0.0,0.25,ecoli,0.3,3,0.1,0.5863095238095238,0.5530351069824738,0.38935326328899156,0.08273860000008426,0.09000240000023041,0.2402064000016253,
noise,k=0.0_lam=0.1,0.1,0.0,0.25,ecoli,0.3,5,0.1,0.5535714285714286,0.5490216036761264,0.3930571443683407,0.08125030000155675,0.10249349999867263,0.22454709999874467,
noise,k=0.0_lam=0.1,0.1,0.0,0.25,ecoli,0.3,7,0.1,0.6011904761904762,0.5709492147286335,0.4608860123772189,0.05169500000010885,0.08279589999983727,0.1844256000003952,
noise,k=0.0_lam=0.1,0.1,0.0,0.25,ecoli,0.3,8,0.1,0.6636904761904762,0.5790516278431524,0.5031645348152117,0.05249760000151582,0.05343490000086604,0.18260890000055952,
noise,k=0.0_lam=0.1,0.1,0.0,0.25,ecoli,0.3,6,0.1,0.5446428571428571,0.5699295769100564,0.4352844514654206,0.06117930000073102,0.10083590000067488,0.23661779999929422,
noise,k=0.0_lam=0.1,0.1,0.0,0.25,ecoli,0.3,9,0.1,0.6845238095238095,0.6088604088277223,0.5271396535917855,0.059469600000738865,0.088737800000672,0.191760499999873,
noise,k=0.0_lam=1.0,1.0,0.0,0.25,ecoli,0.3,0,0.1,0.5744047619047619,0.5424205742430696,0.4045652219061209,0.048056999999971595,0.05694279999988794,0.13379499999973632,
noise,k=0.0_lam=1.0,1.0,0.0,0.25,ecoli,0.3,3,0.1,0.5892857142857143,0.5506894031810023,0.3991752277994317,0.06109140000080515,0.03288069999871368,0.12850459999935993,
noise,k=0.0_lam=1.0,1.0,0.0,0.25,ecoli,0.3,1,0.1,0.5357142857142857,0.5465217025576136,0.40737471368889705,0.06997950000004494,0.06926600000042527,0.1892729999999574,
noise,k=0.0_lam=1.0,1.0,0.0,0.25,ecoli,0.3,2,0.1,0.5416666666666666,0.5857062151280451,0.4384605418344661,0.05399269999907119,0.07817940000131784,0.19304060000104073,
noise,k=0.0_lam=1.0,1.0,0.0,0.25,ecoli,0.3,4,0.1,0.5714285714285714,0.5578892013750525,0.44016889144021604,0.05921739999939746,0.05001710000033199,0.14279379999970843,
noise,k=0.0_lam=1.0,1.0,0.0,0.25,ecoli,0.3,5,0.1,0.5327380952380952,0.5464614476313145,0.389360111486485,0.04975980000017444,0.031469000001379754,0.10635170000023209,
noise,k=0.0_lam=1.0,1.0,0.0,0.25,ecoli,0.3,6,0.1,0.6190476190476191,0.6152853927830828,0.49421467442222977,0.04569679999985965,0.06157749999874795,0.15337749999889638,
noise,k=0.0_lam=1.0,1.0,0.0,0.25,ecoli,0.3,7,0.1,0.6011904761904762,0.5901331985789147,0.4791000350599168,0.05753830000139715,0.0515451999999641,0.1866067999999359,
noise,k=0.0_lam=1.0,1.0,0.0,0.25,ecoli,0.3,8,0.1,0.6339285714285714,0.5969658797577646,0.4801436929066608,0.06702369999948132,0.04859249999935855,0.19729569999981322,
noise,k=0.0_lam=1.0,1.0,0.0,0.25,ecoli,0.3,9,0.1,0.6666666666666666,0.6250416207081948,0.5166151158796181,0.044215099998837104,0.06182239999907324,0.1933578000007401,
noise,k=0.0001_lam=0.0,0.0,0.0001,0.25,ecoli,0.3,0,0.1,0.6607142857142857,0.5864038096772217,0.471728244400062,0.04133650000039779,0.03947700000026089,0.17497569999977713,
noise,k=0.0001_lam=0.0,0.0,0.0001,0.25,ecoli,0.3,1,0.1,0.5773809523809523,0.5483501912367377,0.39789951528478645,0.05520590000014636,0.07463950000055775,0.16438240000024962,
noise,k=0.0001_lam=0.0,0.0,0.0001,0.25,ecoli,0.3,3,0.1,0.6994047619047619,0.5488257846723035,0.5183650570272618,0.050653199999942444,0.05013449999933073,0.1556414999995468,
noise,k=0.0001_lam=0.0,0.0,0.0001,0.25,ecoli,0.3,2,0.1,0.6309523809523809,0.5844796399493275,0.461512973720243,0.06769990000066173,0.09208709999984421,0.2040114999999787,
noise,k=0.0001_lam=0.0,0.0,0.0001,0.25,ecoli,0.3,4,0.1,0.6428571428571429,0.569896036481476,0.46289612033707817,0.05184619999999995,0.05992289999994682,0.16623780000008992,
noise,k=0.0001_lam=0.0,0.0,0.0001,0.25,ecoli,0.3,6,0.1,0.5744047619047619,0.58337828210055,0.45655519452622406,0.04119659999923897,0.04188679999970191,0.15835130000050412,
noise,k=0.0001_lam=0.0,0.0,0.0001,0.25,ecoli,0.3,5,0.1,0.5982142857142857,0.5499604185784684,0.40147989692547,0.08274380000148085,0.0565772999998444,0.2184423999988212,
noise,k=0.0001_lam=0.0,0.0,0.0001,0.25,ecoli,0.3,7,0.1,0.6755952380952381,0.5695468251991627,0.5104182141669594,0.06456549999893468,0.10385150000001886,0.2701120000001538,
noise,k=0.0001_lam=0.0,0.0,0.0001,0.25,ecoli,0.3,8,0.1,0.5505952380952381,0.538756799832634,0.39332087928123155,0.08171230000152718,0.06515390000095067,0.2824332999989565,
noise,k=0.0001_lam=0.0,0.0,0.0001,0.25,ecoli,0.3,9,0.1,0.6726190476190477,0.6334696097718782,0.5131020782553246,0.08524620000025607,0.0900999999994383,0.31008010000005015,
noise,k=0.0001_lam=0.1,0.1,0.0001,0.25,ecoli,0.3,0,0.1,0.6101190476190477,0.5788839701056359,0.4763542793215664,0.08437880000019504,0.07593620000079682,0.3302010999996128,
noise,k=0.0001_lam=0.1,0.1,0.0001,0.25,ecoli,0.3,1,0.1,0.5625,0.5284278174374006,0.39957718355222566,0.08245659999920463,0.12615889999869978,0.6364442999984021,
noise,k=0.0001_lam=0.1,0.1,0.0001,0.25,ecoli,0.3,2,0.1,0.6279761904761905,0.5930481840345853,0.4840764489153439,0.3306616000008944,0.16857689999960712,0.6101257999998779,
noise,k=0.0001_lam=0.1,0.1,0.0001,0.25,ecoli,0.3,3,0.1,0.5714285714285714,0.5606057588831471,0.44144256449589114,0.24433440000029805,0.14850399999886577,0.5678717000009783,
noise,k=0.0001_lam=0.1,0.1,0.0001,0.25,ecoli,0.3,4,0.1,0.5803571428571429,0.5589428497766076,0.4236278656729277,0.06513909999921452,0.39212530000077095,0.6536942000002455,
noise,k=0.0001_lam=0.1,0.1,0.0001,0.25,ecoli,0.3,5,0.1,0.5863095238095238,0.570465172359144,0.44735433417187287,0.08883070000047155,0.04651220000050671,0.2280798000010691,
noise,k=0.0001_lam=0.1,0.1,0.0001,0.25,ecoli,0.3,7,0.1,0.6517857142857143,0.5576701646496459,0.5045216253343615,0.07807519999914803,0.1142708000006678,0.25500470000042696,
noise,k=0.0001_lam=0.1,0.1,0.0001,0.25,ecoli,0.3,6,0.1,0.7023809523809523,0.5960689950018966,0.541605590329258,0.07625389999884646,0.14624709999952756,0.33816139999908046,
noise,k=0.0001_lam=0.1,0.1,0.0001,0.25,ecoli,0.3,9,0.1,0.7797619047619048,0.6482211964935632,0.7173444839402912,0.06663189999926544,0.0715383999995538,0.16635309999946912,
noise,k=0.0001_lam=0.1,0.1,0.0001,0.25,ecoli,0.3,8,0.1,0.6845238095238095,0.6054941121354067,0.5185167296069121,0.06805900000108522,0.05147729999953299,0.18550059999870427,
noise,k=0.0001_lam=1.0,1.0,0.0001,0.25,ecoli,0.3,1,0.1,0.5654761904761905,0.5327730513847329,0.4194920194349216,0.05504120000114199,0.06522399999994377,0.16797589999987395,
noise,k=0.0001_lam=1.0,1.0,0.0001,0.25,ecoli,0.3,2,0.1,0.6279761904761905,0.5930481840345853,0.4840764489153439,0.06692219999968074,0.05873720000090543,0.16223360000003595,
noise,k=0.0001_lam=1.0,1.0,0.0001,0.25,ecoli,0.3,0,0.1,0.6101190476190477,0.5788839701056359,0.4763542793215664,0.06998740000017278,0.0597966000004817,0.24009120000118855,
noise,k=0.0001_lam=1.0,1.0,0.0001,0.25,ecoli,0.3,3,0.1,0.5714285714285714,0.5606057588831471,0.44144256449589114,0.07154650000120455,0.03904350000084378,0.2395751999993081,
noise,k=0.0001_lam=1.0,1.0,0.0001,0.25,ecoli,0.3,5,0.1,0.5863095238095238,0.570465172359144,0.44735433417187287,0.06227989999933925,0.04842500000086147,0.16639000000031956,
noise,k=0.0001_lam=1.0,1.0,0.0001,0.25,ecoli,0.3,4,0.1,0.6517857142857143,0.5865810419646986,0.49180730931770733,0.04194360000110464,0.04035389999990002,0.20212089999949967,
noise,k=0.0001_lam=1.0,1.0,0.0001,0.25,ecoli,0.3,6,0.1,0.7142857142857143,0.5998638695442325,0.545339267330087,0.05038070000045991,0.04399130000092555,0.16212450000057288,
noise,k=0.0001_lam=1.0,1.0,0.0001,0.25,ecoli,0.3,7,0.1,0.6577380952380952,0.5744558433588596,0.49899140426926514,0.0740563999988808,0.09263079999982438,0.26437739999892074,
noise,k=0.0001_lam=1.0,1.0,0.0001,0.25,ecoli,0.3,8,0.1,0.6845238095238095,0.6054941121354067,0.5185167296069121,0.07652099999904749,0.05534019999868178,0.21179680000022927,
noise,k=0.0001_lam=1.0,1.0,0.0001,0.25,ecoli,0.3,9,0.1,0.6458333333333334,0.6229876922294315,0.5037367640979196,0.09102849999908358,0.09405379999952856,0.3138708000005863,
noise,k=0.001_lam=0.0,0.0,0.001,0.25,ecoli,0.3,0,0.1,0.6726190476190477,0.5733570422628609,0.4858532699938172,0.08304370000041672,0.08937850000074832,0.3318039999994653,
noise,k=0.001_lam=0.0,0.0,0.001,0.25,ecoli,0.3,1,0.1,0.5773809523809523,0.5483501912367377,0.39789951528478645,0.045983599999090075,0.16994960000010906,0.41777949999959674,
noise,k=0.001_lam=0.0,0.0,0.001,0.25,ecoli,0.3,2,0.1,0.6309523809523809,0.5844796399493275,0.461512973720243,0.2598551999999472,0.23655429999962507,0.6900031000004674,
noise,k=0.001_lam=0.0,0.0,0.001,0.25,ecoli,0.3,3,0.1,0.5892857142857143,0.5488604337225186,0.41248114771724026,0.1717396000003646,0.11109039999973902,0.6049778000015067,
noise,k=0.001_lam=0.0,0.0,0.001,0.25,ecoli,0.3,4,0.1,0.6428571428571429,0.569896036481476,0.46289612033707817,0.19590919999973266,0.308136800000284,0.6081263999985822,
noise,k=0.001_lam=0.0,0.0,0.001,0.25,ecoli,0.3,5,0.1,0.5982142857142857,0.5499604185784684,0.40147989692547,0.08277060000000347,0.2812573000010161,0.48093490000064776,
noise,k=0.001_lam=0.0,0.0,0.001,0.25,ecoli,0.3,6,0.1,0.5744047619047619,0.58337828210055,0.45655519452622406,0.06656769999972312,0.11906839999937802,0.2637493000001996,
noise,k=0.001_lam=0.0,0.0,0.001,0.25,ecoli,0.3,7,0.1,0.5892857142857143,0.5523143759730154,0.3911905740711744,0.07329890000073647,0.08822030000010272,0.25297280000086175,
noise,k=0.001_lam=0.0,0.0,0.001,0.25,ecoli,0.3,8,0.1,0.5952380952380952,0.5471654665774061,0.39260917411939966,0.06938359999912791,0.0701666999993904,0.2394187999998394,
noise,k=0.001_lam=0.0,0.0,0.001,0.25,ecoli,0.3,9,0.1,0.6785714285714286,0.6342473482226305,0.5175032427463996,0.07852739999907499,0.08313760000055481,0.22066049999921233,
noise,k=0.001_lam=0.1,0.1,0.001,0.25,ecoli,0.3,2,0.1,0.6279761904761905,0.5930481840345853,0.4840764489153439,0.04839939999874332,0.06388130000050296,0.13881779999974242,
noise,k=0.001_lam=0.1,0.1,0.001,0.25,ecoli,0.3,0,0.1,0.6101190476190477,0.5788839701056359,0.4763542793215664,0.05691619999925024,0.06666559999939636,0.20266199999969103,
noise,k=0.001_lam=0.1,0.1,0.001,0.25,ecoli,0.3,1,0.1,0.5476190476190477,0.5292585999420988,0.4112338072818484,0.07174450000093202,0.06864180000047782,0.22490189999916765,
noise,k=0.001_lam=0.1,0.1,0.001,0.25,ecoli,0.3,3,0.1,0.5714285714285714,0.5606057588831471,0.44144256449589114,0.04465700000037032,0.03309169999920414,0.20397109999976237,
noise,k=0.001_lam=0.1,0.1,0.001,0.25,ecoli,0.3,4,0.1,0.5803571428571429,0.5589428497766076,0.4236278656729277,0.05639330000121845,0.06528419999995094,0.19908659999964584,
noise,k=0.001_lam=0.1,0.1,0.001,0.25,ecoli,0.3,5,0.1,0.5863095238095238,0.570465172359144,0.44735433417187287,0.07447989999855054,0.08341999999902328,0.25210259999948903,
noise,k=0.001_lam=0.1,0.1,0.001,0.25,ecoli,0.3,7,0.1,0.6577380952380952,0.5744558433588596,0.49899140426926514,0.052107199999227305,0.05899399999907473,0.17268630000035046,
noise,k=0.001_lam=0.1,0.1,0.001,0.25,ecoli,0.3,6,0.1,0.7023809523809523,0.5960689950018966,0.541605590329258,0.07700010000007751,0.08745169999929203,0.30388289999973495,
noise,k=0.001_lam=0.1,0.1,0.001,0.25,ecoli,0.3,8,0.1,0.6845238095238095,0.6054941121354067,0.5185167296069121,0.09942650000084541,0.07441040000048815,0.2838730999992549,
noise,k=0.001_lam=0.1,0.1,0.001,0.25,ecoli,0.3,9,0.1,0.7797619047619048,0.6482211964935632,0.7173444839402912,0.1212482999999338,0.10322009999981674,0.31309200000032433,
noise,k=0.001_lam=1.0,1.0,0.001,0.25,ecoli,0.3,2,0.1,0.6279761904761905,0.5930481840345853,0.4840764489153439,0.315476599998874,0.07443899999998393,0.4483064000014565,
noise,k=0.001_lam=1.0,1.0,0.001,0.25,ecoli,0.3,0,0.1,0.6101190476190477,0.5788839701056359,0.4763542793215664,0.1534319999991567,0.11377360000005865,0.6065143000014359,
noise,k=0.001_lam=1.0,1.0,0.001,0.25,ecoli,0.3,1,0.1,0.6369047619047619,0.5906257040986308,0.48182861542456784,0.30336589999933494,0.1335015000004205,0.6055900999999722,
noise,k=0.001_lam=1.0,1.0,0.001,0.25,ecoli,0.3,3,0.1,0.5714285714285714,0.5606057588831471,0.44144256449589114,0.0601024999996298,0.2543073999986518,0.42876979999891773,
noise,k=0.001_lam=1.0,1.0,0.001,0.25,ecoli,0.3,4,0.1,0.6309523809523809,0.5650021934182587,0.47656972665039055,0.06437860000005458,0.09206400000039139,0.23195330000089598,
noise,k=0.001_lam=1.0,1.0,0.001,0.25,ecoli,0.3,5,0.1,0.5863095238095238,0.570465172359144,0.44735433417187287,0.06448339999951713,0.08360060000086378,0.2284068999997544,
noise,k=0.001_lam=1.0,1.0,0.001,0.25,ecoli,0.3,7,0.1,0.7083333333333334,0.5826438408598072,0.5625452519956664,0.04613179999978456,0.10706930000014836,0.217900900001041,
noise,k=0.001_lam=1.0,1.0,0.001,0.25,ecoli,0.3,6,0.1,0.7053571428571429,0.5930402392770266,0.5354484929764933,0.06944250000015018,0.1147685999985697,0.2686645999983739,
noise,k=0.001_lam=1.0,1.0,0.001,0.25,ecoli,0.3,9,0.1,0.6904761904761905,0.6191524165087171,0.5320816592229267,0.042615500000465545,0.06279840000024706,0.13569300000017392,
noise,k=0.001_lam=1.0,1.0,0.001,0.25,ecoli,0.3,8,0.1,0.6845238095238095,0.6054941121354067,0.5185167296069121,0.07143109999924491,0.04933549999987008,0.1557105000010779,
noise,k=0.01_lam=0.0,0.0,0.01,0.25,ecoli,0.3,0,0.1,0.5863095238095238,0.5546600152756843,0.4582437076990449,0.05869200000051933,0.040011900000536116,0.16098430000056396,
noise,k=0.01_lam=0.0,0.0,0.01,0.25,ecoli,0.3,1,0.1,0.6011904761904762,0.5597066719203494,0.4126157767242765,0.04910300000119605,0.08361450000120385,0.17817079999986163,
noise,k=0.01_lam=0.0,0.0,0.01,0.25,ecoli,0.3,2,0.1,0.6011904761904762,0.5908650952028094,0.43387796016662167,0.04920720000154688,0.038674499999615364,0.11636419999922509,
noise,k=0.01_lam=0.0,0.0,0.01,0.25,ecoli,0.3,3,0.1,0.6458333333333334,0.5851701663463827,0.46458101730782925,0.05497119999927236,0.03862160000062431,0.1616228000002593,
noise,k=0.01_lam=0.0,0.0,0.01,0.25,ecoli,0.3,6,0.1,0.6220238095238095,0.5667034715661774,0.41137534793516134,0.04203870000128518,0.06375909999951546,0.15107170000010228,
noise,k=0.01_lam=0.0,0.0,0.01,0.25,ecoli,0.3,4,0.1,0.6666666666666666,0.5688951517661396,0.4854604606492042,0.06709350000164704,0.05497850000028848,0.19788060000064434,
noise,k=0.01_lam=0.0,0.0,0.01,0.25,ecoli,0.3,5,0.1,0.6130952380952381,0.5536074208658822,0.4077353380350184,0.06622489999972458,0.07470350000039616,0.17906659999971453,
noise,k=0.01_lam=0.0,0.0,0.01,0.25,ecoli,0.3,7,0.1,0.5744047619047619,0.5337974122826291,0.39591518328815317,0.056689400000323076,0.10508529999970051,0.21506489999956102,
noise,k=0.01_lam=0.0,0.0,0.01,0.25,ecoli,0.3,9,0.1,0.6785714285714286,0.6331527116512491,0.510062991767726,0.09012609999990673,0.05903519999992568,0.3529438999994454,
noise,k=0.01_lam=0.0,0.0,0.01,0.25,ecoli,0.3,8,0.1,0.5803571428571429,0.5257367479606736,0.3767310464676144,0.11525819999951636,0.038340200000675395,0.4595607999999629,
noise,k=0.01_lam=0.1,0.1,0.01,0.25,ecoli,0.3,0,0.1,0.5773809523809523,0.5562786194876079,0.41269850645550005,0.22089120000055118,0.10606790000019828,0.6245701999996527,
noise,k=0.01_lam=0.1,0.1,0.01,0.25,ecoli,0.3,1,0.1,0.625,0.5891105045263391,0.47083877740269475,0.057962599999882514,0.22083999999995285,0.6897511999995913,
noise,k=0.01_lam=0.1,0.1,0.01,0.25,ecoli,0.3,3,0.1,0.6369047619047619,0.5393778408348109,0.44560338262865434,0.15175140000064857,0.21679199999925913,0.4724581999998918,
noise,k=0.01_lam=0.1,0.1,0.01,0.25,ecoli,0.3,2,0.1,0.7291666666666666,0.621179326708165,0.5769498860400338,0.11350709999896935,0.35839750000013737,0.5710904000006849,
noise,k=0.01_lam=0.1,0.1,0.01,0.25,ecoli,0.3,5,0.1,0.6845238095238095,0.5793117032423041,0.5531178768943409,0.04582459999983257,0.09091389999957755,0.19534419999945385,
noise,k=0.01_lam=0.1,0.1,0.01,0.25,ecoli,0.3,4,0.1,0.5952380952380952,0.5535437308276708,0.4521494486383841,0.07587930000045162,0.19223710000005667,0.3923903999984759,
noise,k=0.01_lam=0.1,0.1,0.01,0.25,ecoli,0.3,6,0.1,0.6994047619047619,0.6022639790713636,0.5429123099993776,0.06079849999878206,0.09338480000042182,0.23791479999999865,
noise,k=0.01_lam=0.1,0.1,0.01,0.25,ecoli,0.3,8,0.1,0.6726190476190477,0.6104234173100862,0.5107466413208696,0.07131399999889254,0.061460900000383845,0.17729739999958838,
noise,k=0.01_lam=0.1,0.1,0.01,0.25,ecoli,0.3,7,0.1,0.6160714285714286,0.5673481838611023,0.46498399363053244,0.06105089999982738,0.08752800000002026,0.2567221999997855,
noise,k=0.01_lam=0.1,0.1,0.01,0.25,ecoli,0.3,9,0.1,0.5892857142857143,0.5581132238152986,0.48896796552691946,0.06128489999900921,0.08614810000108264,0.2544338000006974,
noise,k=0.01_lam=1.0,1.0,0.01,0.25,ecoli,0.3,0,0.1,0.5773809523809523,0.5562786194876079,0.41269850645550005,0.043692000001101405,0.05956979999973555,0.18620849999933853,
noise,k=0.01_lam=1.0,1.0,0.01,0.25,ecoli,0.3,1,0.1,0.625,0.5891105045263391,0.47083877740269475,0.05288660000042,0.06102899999859801,0.22316010000031383,
noise,k=0.01_lam=1.0,1.0,0.01,0.25,ecoli,0.3,2,0.1,0.7291666666666666,0.621179326708165,0.5769498860400338,0.043324700000084704,0.0785675999995874,0.21827599999960512,
noise,k=0.01_lam=1.0,1.0,0.01,0.25,ecoli,0.3,3,0.1,0.625,0.5229153014885741,0.4331594369511096,0.0935988000001089,0.04462020000028133,0.24847829999998794,
noise,k=0.01_lam=1.0,1.0,0.01,0.25,ecoli,0.3,5,0.1,0.6845238095238095,0.5793117032423041,0.5531178768943409,0.09511860000020533,0.10106529999939085,0.344374099999186,
noise,k=0.01_lam=1.0,1.0,0.01,0.25,ecoli,0.3,4,0.1,0.6071428571428571,0.5953413040117891,0.4631243872780292,0.08653330000015558,0.11846730000070238,0.47791219999999157,
noise,k=0.01_lam=1.0,1.0,0.01,0.25,ecoli,0.3,6,0.1,0.6994047619047619,0.6022639790713636,0.5429123099993776,0.12454230000003008,0.12747499999932188,0.5229906999993545,
noise,k=0.01_lam=1.0,1.0,0.01,0.25,ecoli,0.3,7,0.1,0.6160714285714286,0.5673481838611023,0.46498399363053244,0.18914129999939178,0.16210230000069714,0.5083402000000206,
noise,k=0.01_lam=1.0,1.0,0.01,0.25,ecoli,0.3,8,0.1,0.6726190476190477,0.6104234173100862,0.5107466413208696,0.0818859999999404,0.12778159999834315,0.31517100000019127,
noise,k=0.01_lam=1.0,1.0,0.01,0.25,ecoli,0.3,9,0.1,0.6696428571428571,0.5996137818574566,0.5112155590003343,0.08696790000067267,0.0997879999995348,0.25995549999970535,
noise,k=0.1_lam=0.0,0.0,0.1,0.25,ecoli,0.3,0,0.1,0.5803571428571429,0.5568741725440942,0.38481631482262413,0.08016130000032717,0.0576002999987395,0.25176939999983006,
noise,k=0.1_lam=0.0,0.0,0.1,0.25,ecoli,0.3,1,0.1,0.6041666666666666,0.5804537147959437,0.41147496411787926,0.06443530000069586,0.09460450000005949,0.21496359999946435,
noise,k=0.1_lam=0.0,0.0,0.1,0.25,ecoli,0.3,2,0.1,0.6547619047619048,0.5906613484775953,0.4738435290613285,0.0572732000000542,0.10199229999852832,0.22069790000023204,
noise,k=0.1_lam=0.0,0.0,0.1,0.25,ecoli,0.3,3,0.1,0.5297619047619048,0.5428609117062099,0.3658594771672638,0.0699268000007578,0.055687799998850096,0.21792339999956312,
noise,k=0.1_lam=0.0,0.0,0.1,0.25,ecoli,0.3,4,0.1,0.5863095238095238,0.5565775042298235,0.38767656160171643,0.06865509999988717,0.056912099998953636,0.2017624000000069,
noise,k=0.1_lam=0.0,0.0,0.1,0.25,ecoli,0.3,5,0.1,0.5863095238095238,0.5381876874600616,0.3743382254905168,0.048559999999270076,0.06367899999895599,0.1589299999996001,
noise,k=0.1_lam=0.0,0.0,0.1,0.25,ecoli,0.3,6,0.1,0.5803571428571429,0.5554928205760037,0.4210159164032915,0.057594699999754084,0.06351989999893703,0.1856910999995307,
noise,k=0.1_lam=0.0,0.0,0.1,0.25,ecoli,0.3,7,0.1,0.5565476190476191,0.5284851653765283,0.3809341008279801,0.059084800001073745,0.10655469999983325,0.2271577999999863,
noise,k=0.1_lam=0.0,0.0,0.1,0.25,ecoli,0.3,9,0.1,0.5863095238095238,0.5296471592947684,0.3650173696333729,0.05227449999983946,0.06563259999893489,0.15576720000171917,
noise,k=0.1_lam=0.1,0.1,0.1,0.25,ecoli,0.3,0,0.1,0.625,0.5683311091307731,0.45749091888487686,0.04370350000135659,0.02910369999881368,0.1221918999999616,
noise,k=0.1_lam=0.0,0.0,0.1,0.25,ecoli,0.3,8,0.1,0.5386904761904762,0.5449065601170495,0.34788871703799773,0.0736073000007309,0.04243239999959769,0.2090167999995174,
noise,k=0.1_lam=0.1,0.1,0.1,0.25,ecoli,0.3,3,0.1,0.5267857142857143,0.5281916853633134,0.37850550563845303,0.04155979999995907,0.02942360000088229,0.12241209999956482,
noise,k=0.1_lam=0.1,0.1,0.1,0.25,ecoli,0.3,1,0.1,0.6904761904761905,0.5703447836455122,0.5308131593078599,0.04812180000044464,0.0564395000001241,0.17046159999881638,
noise,k=0.1_lam=0.1,0.1,0.1,0.25,ecoli,0.3,4,0.1,0.6220238095238095,0.5714980048886009,0.48280025652203135,0.04932059999919147,0.03848389999984647,0.12818609999885666,
noise,k=0.1_lam=0.1,0.1,0.1,0.25,ecoli,0.3,2,0.1,0.5892857142857143,0.543851951367102,0.39263557170221836,0.040837500000634464,0.046225600000980194,0.14932800000133284,
noise,k=0.1_lam=0.1,0.1,0.1,0.25,ecoli,0.3,5,0.1,0.7916666666666666,0.607723783608966,0.6886669947023958,0.05640710000079707,0.048182999998971354,0.14322139999967476,
noise,k=0.1_lam=0.1,0.1,0.1,0.25,ecoli,0.3,8,0.1,0.6815476190476191,0.6030564447076158,0.5182425999768254,0.045291799999176874,0.03867089999948803,0.13580629999887606,
noise,k=0.1_lam=0.1,0.1,0.1,0.25,ecoli,0.3,7,0.1,0.5892857142857143,0.5524721196686629,0.44783327140639034,0.0676132000007783,0.0735263999995368,0.1829340999993292,
noise,k=0.1_lam=0.1,0.1,0.1,0.25,ecoli,0.3,6,0.1,0.6636904761904762,0.5685132453293812,0.5211091294783784,0.05653859999983979,0.09598650000043563,0.20141330000114976,
noise,k=0.1_lam=1.0,1.0,0.1,0.25,ecoli,0.3,0,0.1,0.625,0.5683311091307731,0.45749091888487686,0.06514309999874968,0.048864799999137176,0.21381670000118902,
noise,k=0.1_lam=0.1,0.1,0.1,0.25,ecoli,0.3,9,0.1,0.5476190476190477,0.5247471368323887,0.3753233390909301,0.0778362000000925,0.05951850000019476,0.2835259000003134,
noise,k=0.1_lam=1.0,1.0,0.1,0.25,ecoli,0.3,1,0.1,0.6904761904761905,0.5703447836455122,0.5308131593078599,0.08397389999845473,0.06793430000107037,0.28779860000031476,
noise,k=0.1_lam=1.0,1.0,0.1,0.25,ecoli,0.3,2,0.1,0.5892857142857143,0.543851951367102,0.39263557170221836,0.11660950000077719,0.06861010000102397,0.32590949999939767,
noise,k=0.1_lam=1.0,1.0,0.1,0.25,ecoli,0.3,4,0.1,0.6220238095238095,0.5714980048886009,0.48280025652203135,0.06614400000034948,0.10035160000006726,0.3328552999992098,
noise,k=0.1_lam=1.0,1.0,0.1,0.25,ecoli,0.3,3,0.1,0.5267857142857143,0.5281916853633134,0.37850550563845303,0.10062250000009954,0.07466300000123738,0.4032370999993873,
noise,k=0.1_lam=1.0,1.0,0.1,0.25,ecoli,0.3,5,0.1,0.7916666666666666,0.607723783608966,0.6886669947023958,0.10295650000080059,0.12104599999838683,0.3328010000004724,
noise,k=0.1_lam=1.0,1.0,0.1,0.25,ecoli,0.3,6,0.1,0.6636904761904762,0.5685132453293812,0.5211091294783784,0.20618370000011055,0.17532500000015716,0.5058659999995143,
noise,k=0.1_lam=1.0,1.0,0.1,0.25,ecoli,0.3,8,0.1,0.6815476190476191,0.6030564447076158,0.5182425999768254,0.07622519999858923,0.20757249999951455,0.3789583000016137,
noise,k=0.1_lam=1.0,1.0,0.1,0.25,ecoli,0.3,7,0.1,0.5892857142857143,0.5524721196686629,0.44783327140639034,0.07345169999825885,0.22990990000107558,0.39746500000001106,
noise,k=0.1_lam=1.0,1.0,0.1,0.25,ecoli,0.3,9,0.1,0.5476190476190477,0.5247471368323887,0.3753233390909301,0.062329599999429774,0.2392857000013464,0.4312261999984912,
noise,k=1.0_lam=0.0,0.0,1.0,0.25,ecoli,0.3,0,0.1,0.5803571428571429,0.5568741725440942,0.38481631482262413,0.045637299999725656,0.06976440000107687,0.2463076000003639,
noise,k=1.0_lam=0.0,0.0,1.0,0.25,ecoli,0.3,1,0.1,0.6041666666666666,0.5804537147959437,0.41147496411787926,0.06339769999976852,0.09343009999975038,0.23028689999955532,
noise,k=1.0_lam=0.0,0.0,1.0,0.25,ecoli,0.3,2,0.1,0.6547619047619048,0.5906613484775953,0.4738435290613285,0.06372840000040014,0.09245200000077602,0.22673670000040147,
noise,k=1.0_lam=0.0,0.0,1.0,0.25,ecoli,0.3,3,0.1,0.5297619047619048,0.5428609117062099,0.3658594771672638,0.055518700000902754,0.04392069999994419,0.15382900000076916,
noise,k=1.0_lam=0.0,0.0,1.0,0.25,ecoli,0.3,4,0.1,0.5863095238095238,0.5565775042298235,0.38767656160171643,0.06793240000115475,0.06867699999929755,0.222022999998444,
noise,k=1.0_lam=0.0,0.0,1.0,0.25,ecoli,0.3,5,0.1,0.5863095238095238,0.5381876874600616,0.3743382254905168,0.05815480000092066,0.05905760000132432,0.17668200000116485,
noise,k=1.0_lam=0.0,0.0,1.0,0.25,ecoli,0.3,7,0.1,0.5565476190476191,0.5284851653765283,0.3809341008279801,0.056796200000462704,0.05819309999969846,0.18776030000117316,
noise,k=1.0_lam=0.0,0.0,1.0,0.25,ecoli,0.3,6,0.1,0.5803571428571429,0.5554928205760037,0.4210159164032915,0.06762709999929939,0.0962426999994932,0.2423452000002726,
noise,k=1.0_lam=0.0,0.0,1.0,0.25,ecoli,0.3,8,0.1,0.5386904761904762,0.5449065601170495,0.34788871703799773,0.05885200000011537,0.0417873000005784,0.16462649999994028,
noise,k=1.0_lam=0.1,0.1,1.0,0.25,ecoli,0.3,0,0.1,0.625,0.5683311091307731,0.45749091888487686,0.042879300001004594,0.04288809999889054,0.12390340000092692,
noise,k=1.0_lam=0.0,0.0,1.0,0.25,ecoli,0.3,9,0.1,0.5863095238095238,0.5296471592947684,0.3650173696333729,0.07240350000029139,0.08275250000042433,0.24888040000041656,
noise,k=1.0_lam=0.1,0.1,1.0,0.25,ecoli,0.3,3,0.1,0.5267857142857143,0.5281916853633134,0.37850550563845303,0.04965470000024652,0.035061400001723086,0.1338711999997031,
noise,k=1.0_lam=0.1,0.1,1.0,0.25,ecoli,0.3,2,0.1,0.5892857142857143,0.543851951367102,0.39263557170221836,0.058102699998926255,0.06756309999946097,0.18847380000079283,
noise,k=1.0_lam=0.1,0.1,1.0,0.25,ecoli,0.3,1,0.1,0.6904761904761905,0.5703447836455122,0.5308131593078599,0.06162600000061502,0.07988459999978659,0.23991859999841836,
noise,k=1.0_lam=0.1,0.1,1.0,0.25,ecoli,0.3,4,0.1,0.6220238095238095,0.5714980048886009,0.48280025652203135,0.04580739999983052,0.06704779999927268,0.1847204999994574,
noise,k=1.0_lam=0.1,0.1,1.0,0.25,ecoli,0.3,5,0.1,0.7916666666666666,0.607723783608966,0.6886669947023958,0.08121980000032636,0.051008799999181065,0.20081410000057076,
noise,k=1.0_lam=0.1,0.1,1.0,0.25,ecoli,0.3,6,0.1,0.6636904761904762,0.5685132453293812,0.5211091294783784,0.09889490000023216,0.10496819999934814,0.2413378000001103,
noise,k=1.0_lam=0.1,0.1,1.0,0.25,ecoli,0.3,7,0.1,0.5892857142857143,0.5524721196686629,0.44783327140639034,0.10098130000005767,0.10419219999857887,0.3340406000006624,
noise,k=1.0_lam=0.1,0.1,1.0,0.25,ecoli,0.3,8,0.1,0.6815476190476191,0.6030564447076158,0.5182425999768254,0.04298960000051011,0.11926390000007814,0.2786581999989721,
noise,k=1.0_lam=0.1,0.1,1.0,0.25,ecoli,0.3,9,0.1,0.5476190476190477,0.5247471368323887,0.3753233390909301,0.0779034999995929,0.11524000000099477,0.4962137000002258,
noise,k=1.0_lam=1.0,1.0,1.0,0.25,ecoli,0.3,0,0.1,0.625,0.5683311091307731,0.45749091888487686,0.21829849999994622,0.14030889999958163,0.5460587999987183,
noise,k=1.0_lam=1.0,1.0,1.0,0.25,ecoli,0.3,1,0.1,0.6904761904761905,0.5703447836455122,0.5308131593078599,0.3138165999989724,0.0991541999992478,0.5148186999995232,
noise,k=1.0_lam=1.0,1.0,1.0,0.25,ecoli,0.3,2,0.1,0.5892857142857143,0.543851951367102,0.39263557170221836,0.11761649999971269,0.2972083999993629,0.5489938000009715,
noise,k=1.0_lam=1.0,1.0,1.0,0.25,ecoli,0.3,3,0.1,0.5267857142857143,0.5281916853633134,0.37850550563845303,0.11426709999977902,0.07631140000012238,0.2869026999997004,
noise,k=1.0_lam=1.0,1.0,1.0,0.25,ecoli,0.3,5,0.1,0.7916666666666666,0.607723783608966,0.6886669947023958,0.0681990000011865,0.0679522000009456,0.18335300000035204,
noise,k=1.0_lam=1.0,1.0,1.0,0.25,ecoli,0.3,4,0.1,0.6220238095238095,0.5714980048886009,0.48280025652203135,0.07503639999958978,0.08529509999971197,0.2521295000005921,
noise,k=1.0_lam=1.0,1.0,1.0,0.25,ecoli,0.3,6,0.1,0.6636904761904762,0.5685132453293812,0.5211091294783784,0.06005650000042806,0.0653612999994948,0.17973170000004757,
noise,k=1.0_lam=1.0,1.0,1.0,0.25,ecoli,0.3,7,0.1,0.5892857142857143,0.5524721196686629,0.44783327140639034,0.0651042999998026,0.06304540000019188,0.20463329999984126,
noise,k=1.0_lam=1.0,1.0,1.0,0.25,ecoli,0.3,8,0.1,0.6815476190476191,0.6030564447076158,0.5182425999768254,0.054257799998595146,0.05175299999973504,0.16363559999990684,
noise,k=1.0_lam=1.0,1.0,1.0,0.25,ecoli,0.3,9,0.1,0.5476190476190477,0.5247471368323887,0.3753233390909301,0.051512000000002445,0.09932369999842194,0.2279476000003342,
noise,k=0.001_lam=0.01,0.01,0.001,0.25,ecoli,0.3,0,0.1,0.6101190476190477,0.5788839701056359,0.4763542793215664,0.043929599998591584,0.04242569999951229,0.15169500000047265,
noise,k=0.001_lam=0.01,0.01,0.001,0.25,ecoli,0.3,1,0.1,0.6369047619047619,0.590745603258816,0.4864858614475297,0.05341729999963718,0.06670550000126241,0.1596798000009585,
noise,k=0.001_lam=0.01,0.01,0.001,0.25,ecoli,0.3,2,0.1,0.6279761904761905,0.5930481840345853,0.4840764489153439,0.06286790000012843,0.09542119999969145,0.2043099999991682,
noise,k=0.001_lam=0.01,0.01,0.001,0.25,ecoli,0.3,3,0.1,0.5714285714285714,0.5606057588831471,0.44144256449589114,0.04744360000040615,0.049990299999990384,0.14795839999896998,
noise,k=0.001_lam=0.01,0.01,0.001,0.25,ecoli,0.3,4,0.1,0.5803571428571429,0.5589428497766076,0.4236278656729277,0.04322809999939636,0.044698699999571545,0.16782200000125158,
noise,k=0.001_lam=0.01,0.01,0.001,0.25,ecoli,0.3,5,0.1,0.5863095238095238,0.570465172359144,0.44735433417187287,0.050781400001142174,0.06259759999920789,0.1689819000002899,
noise,k=0.001_lam=0.01,0.01,0.001,0.25,ecoli,0.3,7,0.1,0.6577380952380952,0.5744558433588596,0.49899140426926514,0.04929160000028787,0.038846100000228034,0.16514549999919836,
noise,k=0.001_lam=0.01,0.01,0.001,0.25,ecoli,0.3,6,0.1,0.7023809523809523,0.5960689950018966,0.541605590329258,0.06263229999967734,0.07228350000150385,0.18469159999949625,
noise,k=0.001_lam=0.01,0.01,0.001,0.25,ecoli,0.3,8,0.1,0.6845238095238095,0.6054941121354067,0.5185167296069121,0.04358410000168078,0.0567680999993172,0.13566929999979038,
noise,k=0.001_lam=0.01,0.01,0.001,0.25,ecoli,0.3,9,0.1,0.7797619047619048,0.6482211964935632,0.7173444839402912,0.04890700000032666,0.09400949999871955,0.1669830999999249,
noise,k=0.0001_lam=0.01,0.01,0.0001,0.25,ecoli,0.3,1,0.1,0.6190476190476191,0.5871142219645521,0.47557444446428193,0.04744329999994079,0.06688029999895662,0.17089909999958763,
noise,k=0.0001_lam=0.01,0.01,0.0001,0.25,ecoli,0.3,0,0.1,0.6101190476190477,0.5788839701056359,0.4763542793215664,0.07558950000020559,0.03239679999933287,0.17951820000052976,
noise,k=0.0001_lam=0.01,0.01,0.0001,0.25,ecoli,0.3,2,0.1,0.6279761904761905,0.5930481840345853,0.4840764489153439,0.045545699998911005,0.07163339999897289,0.15695039999991423,
noise,k=0.0001_lam=0.01,0.01,0.0001,0.25,ecoli,0.3,3,0.1,0.6190476190476191,0.6029181056496794,0.49801500593974174,0.06270800000129384,0.03862949999893317,0.14619740000125603,
noise,k=0.0001_lam=0.01,0.01,0.0001,0.25,ecoli,0.3,4,0.1,0.5803571428571429,0.5589428497766076,0.4236278656729277,0.08524560000114434,0.06778180000037537,0.33374129999901925,
noise,k=0.0001_lam=0.01,0.01,0.0001,0.25,ecoli,0.3,5,0.1,0.5863095238095238,0.570465172359144,0.44735433417187287,0.12184290000004694,0.09589989999949466,0.3813676999998279,
noise,k=0.0001_lam=0.01,0.01,0.0001,0.25,ecoli,0.3,6,0.1,0.7023809523809523,0.5960689950018966,0.541605590329258,0.1302292000000307,0.13503149999996822,0.5573813999999402,
noise,k=0.0001_lam=0.01,0.01,0.0001,0.25,ecoli,0.3,7,0.1,0.6577380952380952,0.5699876874935607,0.5072249016175265,0.06228539999938221,0.337936300000365,0.5195266000009724,
noise,k=0.0001_lam=0.01,0.01,0.0001,0.25,ecoli,0.3,8,0.1,0.6845238095238095,0.6008285082801572,0.5103295859713691,0.08821619999980612,0.05056269999840879,0.21758760000011534,
noise,k=0.0001_lam=0.01,0.01,0.0001,0.25,ecoli,0.3,9,0.1,0.6845238095238095,0.612998852493569,0.5204954570883308,0.06225099999937811,0.09049459999914689,0.2191636000006838,
