dataset,rho_expl,seed,budget_frac,ACC,NMI,ARI,error
iris,0.0,1,0.1,0.8466666666666667,0.6735735454651065,0.6412050161871702,
iris,0.0,0,0.1,0.78,0.6152170261835382,0.5518147720362261,
iris,0.0,2,0.1,0.8466666666666667,0.672843838367481,0.6410058621782706,
iris,0.0,3,0.1,0.7866666666666666,0.5454224330294655,0.5162518787139702,
iris,0.0,4,0.1,0.74,0.44164559452280494,0.4176896277353824,
iris,0.01,0,0.1,0.7666666666666667,0.6071613032965413,0.5388415225610196,
iris,0.01,1,0.1,0.84,0.6669659159546624,0.6306467921328158,
iris,0.01,4,0.1,0.7266666666666667,0.4002137273239237,0.385156059991893,
iris,0.01,2,0.1,0.8466666666666667,0.672843838367481,0.6410058621782706,
iris,0.01,3,0.1,0.7466666666666667,0.5105424417783633,0.4690297852226531,
iris,0.1,1,0.1,0.84,0.6669659159546624,0.6306467921328158,
iris,0.1,2,0.1,0.7866666666666666,0.6447687385031121,0.5707916335716177,
iris,0.1,0,0.1,0.7866666666666666,0.6311343864482412,0.5647976633431588,
iris,0.1,3,0.1,0.5733333333333334,0.6101612323766198,0.44883391613443924,
iris,0.1,4,0.1,0.82,0.5826396619148136,0.5605328833767395,
iris,0.3,0,0.1,0.7866666666666666,0.6349479411640105,0.5665779032585796,
iris,0.3,1,0.1,0.84,0.6669659159546624,0.6306467921328158,
iris,0.3,2,0.1,0.7733333333333333,0.6621703530328455,0.5685639961599207,
iris,0.3,3,0.1,0.5733333333333334,0.6101612323766198,0.44883391613443924,
iris,0.3,4,0.1,0.7066666666666667,0.5597611788469418,0.49103800729630276,
iris,0.5,1,0.1,0.84,0.6669659159546624,0.6306467921328158,
iris,0.5,0,0.1,0.7866666666666666,0.6349479411640105,0.5665779032585796,
iris,0.5,2,0.1,0.7533333333333333,0.6677965657712313,0.5606554515337004,
iris,0.5,3,0.1,0.5733333333333334,0.6101612323766198,0.44883391613443924,
iris,1.0,0,0.1,0.7866666666666666,0.6349479411640105,0.5665779032585796,
iris,0.5,4,0.1,0.72,0.5891981437806333,0.5148481488302111,
iris,1.0,1,0.1,0.84,0.6669659159546624,0.6306467921328158,
iris,1.0,3,0.1,0.5733333333333334,0.6101612323766198,0.44883391613443924,
iris,1.0,2,0.1,0.7533333333333333,0.6677965657712313,0.5606554515337004,
iris,1.0,4,0.1,0.72,0.5891981437806333,0.5148481488302111,
ecoli,0.0,0,0.1,0.6339285714285714,0.6080387827168167,0.5050626190885654,
ecoli,0.0,1,0.1,0.7648809523809523,0.6340872502255682,0.7249409046288419,
ecoli,0.0,2,0.1,0.8244047619047619,0.6967244424882701,0.7588739813656783,
ecoli,0.0,3,0.1,0.6726190476190477,0.6352997642884881,0.5137629363621169,
ecoli,0.0,4,0.1,0.7142857142857143,0.6413016701293454,0.5681524272282613,
ecoli,0.01,0,0.1,0.5684523809523809,0.6048698875234721,0.4600871310707983,
ecoli,0.01,1,0.1,0.6398809523809523,0.6406986810875548,0.5079654200865791,
ecoli,0.01,2,0.1,0.8095238095238095,0.6637307778979596,0.6839176365102501,
ecoli,0.01,3,0.1,0.5446428571428571,0.5992538424024434,0.39028657670096933,
ecoli,0.1,0,0.1,0.5654761904761905,0.60225787276632,0.45625502170002524,
ecoli,0.01,4,0.1,0.6815476190476191,0.6405831831734524,0.5281598217721194,
ecoli,0.1,1,0.1,0.6785714285714286,0.6480974480310295,0.5156355687124797,
ecoli,0.1,2,0.1,0.8095238095238095,0.6637307778979596,0.6839176365102501,
ecoli,0.1,3,0.1,0.5178571428571429,0.5775018950062606,0.3639603230996664,
ecoli,0.1,4,0.1,0.6577380952380952,0.628709577130721,0.5079229340883544,
ecoli,0.3,0,0.1,0.5654761904761905,0.60225787276632,0.45625502170002524,
ecoli,0.3,1,0.1,0.6785714285714286,0.6480974480310295,0.5156355687124797,
ecoli,0.3,2,0.1,0.8095238095238095,0.6637307778979596,0.6839176365102501,
ecoli,0.3,3,0.1,0.6011904761904762,0.613171852189438,0.4470134622748263,
ecoli,0.3,4,0.1,0.5238095238095238,0.5780289183905606,0.37940793213874446,
ecoli,0.5,0,0.1,0.5654761904761905,0.60225787276632,0.45625502170002524,
ecoli,0.5,1,0.1,0.6785714285714286,0.6480974480310295,0.5156355687124797,
ecoli,0.5,2,0.1,0.8095238095238095,0.6637307778979596,0.6839176365102501,
ecoli,0.5,3,0.1,0.6011904761904762,0.613171852189438,0.4470134622748263,
ecoli,0.5,4,0.1,0.5238095238095238,0.5780289183905606,0.37940793213874446,
ecoli,1.0,0,0.1,0.5654761904761905,0.60225787276632,0.45625502170002524,
ecoli,1.0,1,0.1,0.6785714285714286,0.6480974480310295,0.5156355687124797,
ecoli,1.0,2,0.1,0.8095238095238095,0.6637307778979596,0.6839176365102501,
ecoli,1.0,3,0.1,0.6011904761904762,0.613171852189438,0.4470134622748263,
ecoli,1.0,4,0.1,0.5238095238095238,0.5780289183905606,0.37940793213874446,
