seed,round,rho,H,g_mean
0,0,0.0,0.596563188304722,-0.07452995645421454
0,0,0.0,4.1856402881145884e-12,-0.08692459529094633
0,0,0.0,0.03778913924285478,-0.08424843972949204
0,0,0.0,0.006792309609875199,-0.058739852565560795
0,0,0.0,0.003942926546175639,-0.15374777931551206
0,0,0.01,4.1856402881145884e-12,-0.08692459529094633
0,0,0.01,0.03778913924285478,-0.08424843972949204
0,0,0.01,0.030964293920213253,-0.12280875503933648
0,0,0.01,0.08490781010539422,-0.14304686729206767
0,0,0.01,0.11440839640068268,-0.11941955517079046
0,1,0.0,1.0918767824702007,-0.026638287948628728
0,1,0.0,0.026541847565070564,-0.14923274833854328
0,1,0.0,0.048754483156615555,-0.039315773441005585
0,1,0.0,0.0773209209246819,-0.06817835667751834
0,1,0.0,0.04842844905713775,-0.037280308953035225
0,1,0.01,0.048754483156615555,-0.039315773441005585
0,1,0.01,0.0773209209246819,-0.06817835667751834
0,1,0.01,0.04842844905713775,-0.037280308953035225
0,1,0.01,0.046037873237203535,-0.10662024167836873
0,1,0.01,0.026541847565070564,-0.14923274833854328
0,2,0.0,0.5530335744736732,-0.04187066606158244
0,2,0.0,0.05812081318136686,-0.08402426647118469
0,2,0.0,0.011913737166858977,-0.021787788068423866
0,2,0.0,0.06306624024608776,-0.021607289028884747
0,2,0.0,0.1110764646450145,-0.059592673684463006
0,2,0.01,0.05812081318136686,-0.08402426647118469
0,2,0.01,0.2924389456567891,-0.132982110980734
0,2,0.01,0.06306624024608776,-0.021607289028884747
0,2,0.01,0.011913737166858977,-0.021787788068423866
0,2,0.01,0.1110764646450145,-0.059592673684463006
0,3,0.0,1.5746322987576462,-0.022433704233142112
0,3,0.0,0.0313536533133203,-0.05712608219542295
0,3,0.0,0.051735219480316536,-0.08219633573801284
0,3,0.0,0.05219622943903672,-0.09722071934356481
0,3,0.0,0.07947205075133952,-0.1200762572286083
0,3,0.01,0.0313536533133203,-0.05712608219542295
0,3,0.01,0.07947205075133952,-0.1200762572286083
0,3,0.01,0.03332804237608793,-0.0655864833732175
0,3,0.01,0.051735219480316536,-0.08219633573801284
0,3,0.01,0.11002607400182779,-0.07935751050872465
0,4,0.0,0.23364059990092095,-0.07067222334070611
0,4,0.0,0.033246632574705115,-0.013455690588078703
0,4,0.0,0.11273359481990752,-0.054413166979324315
0,4,0.0,0.061619019855593364,-0.033394156390822785
0,4,0.0,0.1076192740883751,-0.15554372818857043
0,4,0.01,0.033246632574705115,-0.013455690588078703
0,4,0.01,0.1076192740883751,-0.15554372818857043
0,4,0.01,0.05631776124114272,-0.0913119909708799
0,4,0.01,0.13558974593631068,-0.13621562195424738
0,4,0.01,0.089873457821474,-0.10102859470569595
0,5,0.0,1.4051916353037197,-0.025141846065999795
0,5,0.0,0.13271832828177574,-0.17261555391850103
0,5,0.0,0.17743262716057434,-0.22891563119442865
0,5,0.0,0.02248540217070412,-0.061846103836856035
0,5,0.0,0.08661174956333614,-0.1013730683410186
0,5,0.01,0.13271832828177574,-0.17261555391850103
0,5,0.01,0.02248540217070412,-0.061846103836856035
0,5,0.01,0.17743262716057434,-0.22891563119442865
0,5,0.01,0.08661174956333614,-0.1013730683410186
0,5,0.01,0.21784750207982226,-0.039773367130064394
1,0,0.0,0.6453222092373262,-0.031427155475731744
1,0,0.0,0.007572817485011152,-0.039898484048759675
1,0,0.0,0.113583998882494,-0.12238126515547983
1,0,0.0,0.011598679304639935,-0.12855180434947475
1,0,0.0,0.11989970201758465,-0.08221086729261996
1,0,0.01,0.007572817485011152,-0.039898484048759675
1,0,0.01,0.04720741713860034,-0.17744370352322625
1,0,0.01,0.0859601517674329,-0.07505872172637912
1,0,0.01,0.034843420732285774,-0.06005854358610414
1,0,0.01,0.08653622606587424,-0.10015567212315127
1,1,0.0,1.2973083313506788,-0.044239237972317325
1,1,0.0,-1.0000889005818396e-12,-0.10545129916805875
1,1,0.0,0.03186887805438193,-0.0599436861157955
1,1,0.0,0.0065565549044145025,-0.11063492853820941
1,1,0.0,0.0069869819133629935,-0.061036300907827294
1,1,0.01,-1.0000889005818396e-12,-0.10545129916805875
1,1,0.01,0.03186887805438193,-0.0599436861157955
1,1,0.01,0.0326182196871324,-0.0780625051673212
1,1,0.01,0.1296936288914169,-0.15071855763278136
1,1,0.01,0.20463095498580178,-0.06570781201810778
1,2,0.0,1.061158642674137,-0.046724126556698414
1,2,0.0,0.3883783935883537,-0.09449758301150232
1,2,0.0,0.11962688455188011,-0.0976473441125349
1,2,0.0,0.013091262645111176,-0.16025568547320032
1,2,0.0,0.1376451927951527,-0.07754838915462592
1,2,0.01,0.1376451927951527,-0.07754838915462592
1,2,0.01,0.3883783935883537,-0.09449758301150232
1,2,0.01,0.013091262645111176,-0.16025568547320032
1,2,0.01,0.09371917855513029,-0.07128639200231697
1,2,0.01,0.06240591437301181,-0.08353814347967768
1,3,0.0,1.575236729779494,-0.030129520300925174
1,3,0.0,0.12198903479590958,-0.1228917483344825
1,3,0.0,0.06998137124256994,-0.16413793472195176
1,3,0.0,0.082017863276375,-0.14991796551692224
1,3,0.0,0.1669860062671939,-0.05378945983216256
1,3,0.01,0.12198903479590958,-0.1228917483344825
1,3,0.01,0.082017863276375,-0.14991796551692224
1,3,0.01,0.05310523414808671,-0.1098011090233122
1,3,0.01,0.1307017402919198,-0.17070513738657747
1,3,0.01,0.0921899210466708,-0.056738871969804296
1,4,0.0,0.2418306376031229,-0.06248979394631794
1,4,0.0,0.0761360946656755,-0.17328281288621247
1,4,0.0,0.06699993021754926,-0.017480182171533087
1,4,0.0,0.08328069919542669,-0.09376395266910445
1,4,0.0,0.09831435042501199,-0.09755752323413633
1,4,0.01,0.0761360946656755,-0.17328281288621247
1,4,0.01,0.09831435042501199,-0.09755752323413633
1,4,0.01,0.07218008925070762,-0.0956759420596705
1,4,0.01,0.11800996625175361,-0.07941985869199804
1,4,0.01,0.10061460417947196,-0.08236142278836117
1,5,0.0,1.3909781285501501,-0.043122784663126856
1,5,0.0,0.3429654370230306,-0.12091362570402701
1,5,0.0,0.09209293061819451,-0.07746835778445535
1,5,0.0,0.13257743878926082,-0.14126317930069326
1,5,0.0,0.12557694988323123,-0.09747666332792425
1,5,0.01,0.09209293061819451,-0.07746835778445535
1,5,0.01,0.3429654370230306,-0.12091362570402701
1,5,0.01,0.049188057112830065,-0.11635158761966855
1,5,0.01,0.12557694988323123,-0.09747666332792425
1,5,0.01,0.13257743878926082,-0.14126317930069326
2,0,0.0,0.39179634455913875,-0.06806562832584093
2,0,0.0,4.189190235947931e-12,-0.14433187576513487
2,0,0.0,0.007043673804245346,-0.20090358418299395
2,0,0.0,0.002571902259068267,-0.17672171467163453
2,0,0.0,0.03696411419408741,-0.24936008302800242
2,0,0.01,4.189190235947931e-12,-0.14433187576513487
2,0,0.01,0.007043673804245346,-0.20090358418299395
2,0,0.01,0.03184124273596288,-0.08517909319965156
2,0,0.01,0.033599660793086114,-0.04117081280767084
2,0,0.01,0.027481722020239602,-0.06476103921470981
2,1,0.0,1.160681291383837,-0.020378677228618854
2,1,0.0,0.07451963793282615,-0.14323833980559786
2,1,0.0,0.01101599179755202,-0.11189060516340538
2,1,0.0,0.020188764232118503,-0.0821689114633538
2,1,0.0,0.08874401630670305,-0.08508243711880688
2,1,0.01,0.07451963793282615,-0.14323833980559786
2,1,0.01,0.019558426860586117,-0.10582081827672747
2,1,0.01,0.08874401630670305,-0.08508243711880688
2,1,0.01,0.08401712538451636,-0.07321575795825902
2,1,0.01,0.020188764232118503,-0.0821689114633538
2,2,0.0,0.9433593828099482,-0.04359519003156254
2,2,0.0,0.03278908502861785,-0.17606331878045622
2,2,0.0,0.0293396364306395,-0.10809190127647725
2,2,0.0,0.05390926502527159,-0.010061164751198691
2,2,0.0,0.04319041619137427,-0.10115166977312566
2,2,0.01,0.03278908502861785,-0.17606331878045622
2,2,0.01,0.008263082139043906,-0.12723315393880896
2,2,0.01,0.05390926502527159,-0.010061164751198691
2,2,0.01,0.13027687284722517,-0.11725550600201745
2,2,0.01,0.0293396364306395,-0.10809190127647725
2,3,0.0,0.9997133090340189,-0.04152248616835931
2,3,0.0,0.13566054181756165,-0.014772692257359252
2,3,0.0,0.08206377137001351,-0.03867125124753507
2,3,0.0,0.060892876993592485,0.00687273087303663
2,3,0.0,0.047977988349798585,-0.07329553033902286
2,3,0.01,0.13566054181756165,-0.014772692257359252
2,3,0.01,0.047977988349798585,-0.07329553033902286
2,3,0.01,0.01564488568225389,-0.13483076134164707
2,3,0.01,0.08206377137001351,-0.03867125124753507
2,3,0.01,0.2098762483892752,-0.11099924822247362
2,4,0.0,0.3181515393920705,-0.10042949212858558
2,4,0.0,0.07710159163308886,-0.08050940257154625
2,4,0.0,0.01559403343041931,-0.08613293164982919
2,4,0.0,0.09804395274503873,-0.13888535943601654
2,4,0.0,0.2116962221020288,-0.11000819015224458
2,4,0.01,0.2116962221020288,-0.11000819015224458
2,4,0.01,0.09804395274503873,-0.13888535943601654
2,4,0.01,0.01559403343041931,-0.08613293164982919
2,4,0.01,0.1028341136409612,-0.09035597383314867
2,4,0.01,0.24925943799831166,-0.11135409924460561
2,5,0.0,1.4718396027525453,-0.05669644773367812
2,5,0.0,0.35931866837365306,-0.1332407086386588
2,5,0.0,0.06709182347721743,-0.14370053432400565
2,5,0.0,0.060788528019615456,-0.18804361521223356
2,5,0.0,0.09122312587419418,-0.10264953811481686
2,5,0.01,0.06709182347721743,-0.14370053432400565
2,5,0.01,0.35931866837365306,-0.1332407086386588
2,5,0.01,0.10623575986881315,-0.1245915964969768
2,5,0.01,0.060788528019615456,-0.18804361521223356
2,5,0.01,0.09122312587419418,-0.10264953811481686
3,0,0.0,0.5076917706274653,-0.06334497808748143
3,0,0.0,0.00824473859566192,-0.12804807235135787
3,0,0.0,0.043185288984924644,-0.03924719639326083
3,0,0.0,0.03645308222693326,-0.10382425251289483
3,0,0.0,0.04312373292337063,-0.1726265982720828
3,0,0.01,0.00824473859566192,-0.12804807235135787
3,0,0.01,0.04312373292337063,-0.1726265982720828
3,0,0.01,0.043185288984924644,-0.03924719639326083
3,0,0.01,0.03728574392205382,-0.0982487737135557
3,0,0.01,0.010489563725944371,-0.024526628278703486
3,1,0.0,1.1565426386608288,-0.02845800402238778
3,1,0.0,0.037076881211392056,-0.18373156720394232
3,1,0.0,0.017751136980720686,-0.09568169966826882
3,1,0.0,0.01229078615434675,-0.10050578678638608
3,1,0.0,0.07261411412128783,-0.14710288490495999
3,1,0.01,0.037076881211392056,-0.18373156720394232
3,1,0.01,0.07261411412128783,-0.14710288490495999
3,1,0.01,0.01229078615434675,-0.10050578678638608
3,1,0.01,0.03905648435246285,-0.1526513609670097
3,1,0.01,0.06538365992884734,-0.10667979965396368
3,2,0.0,0.9103700443687004,-0.046344220056046215
3,2,0.0,0.0006798544947077651,-0.12478989275823431
3,2,0.0,0.02367945512471007,-0.044415299887871865
3,2,0.0,0.032006828306451476,-0.10382862760847651
3,2,0.0,0.029619188894057607,-0.08247549883005062
3,2,0.01,0.0006798544947077651,-0.12478989275823431
3,2,0.01,0.02367945512471007,-0.044415299887871865
3,2,0.01,0.032006828306451476,-0.10382862760847651
3,2,0.01,0.0798915977577164,-0.05241237236495608
3,2,0.01,0.07343445651819985,-0.04188646378504888
3,3,0.0,1.0377287369331538,-0.027411220377219846
3,3,0.0,4.194726772864605e-12,-0.1664673919003064
3,3,0.0,0.07614364609387006,-0.12475751396777125
3,3,0.0,0.1463799220864294,-0.06715740459854115
3,3,0.0,0.08374209208805111,-0.08699103860859113
3,3,0.01,4.194726772864605e-12,-0.1664673919003064
3,3,0.01,0.07614364609387006,-0.12475751396777125
3,3,0.01,0.08374209208805111,-0.08699103860859113
3,3,0.01,0.11459749442401508,-0.0798239167756671
3,3,0.01,0.3200224580413461,-0.1031987922266081
3,4,0.0,0.6188335647569099,-0.09889882068130629
3,4,0.0,0.0038948674027908113,-0.16960949770297604
3,4,0.0,0.22273245412236897,-0.052924043834151696
3,4,0.0,0.11371657858590538,-0.0915161855447647
3,4,0.0,0.3030955459943502,-0.10369407337668422
3,4,0.01,0.11371657858590538,-0.0915161855447647
3,4,0.01,0.3030955459943502,-0.10369407337668422
3,4,0.01,0.04455313391496381,-0.08653645181124381
3,4,0.01,0.22273245412236897,-0.052924043834151696
3,4,0.01,0.18959574758568257,-0.09161078870464555
3,5,0.0,1.299470292730081,-0.02932641338574679
3,5,0.0,0.3897949934391535,-0.07474017521099703
3,5,0.0,0.13932242777433482,-0.07526796965319232
3,5,0.0,0.09339686386274788,-0.05826939934990387
3,5,0.0,0.0632274038538945,-0.12992226437085544
3,5,0.01,0.13932242777433482,-0.07526796965319232
3,5,0.01,0.3897949934391535,-0.07474017521099703
3,5,0.01,0.002644132090420649,-0.08738897875545085
3,5,0.01,0.0632274038538945,-0.12992226437085544
3,5,0.01,0.09339686386274788,-0.05826939934990387
4,0,0.0,0.3199140958671567,-0.09992893722294886
4,0,0.0,-1.0000889005818396e-12,-0.2020000317571185
4,0,0.0,0.006952093633625628,-0.11103509008010598
4,0,0.0,0.01006249582442768,-0.08489107954588818
4,0,0.0,0.005092821502588432,-0.14934014155832387
4,0,0.01,-1.0000889005818396e-12,-0.2020000317571185
4,0,0.01,0.006952093633625628,-0.11103509008010598
4,0,0.01,0.03148106513644988,-0.10944144241207837
4,0,0.01,0.033488184212530914,-0.038521108635928135
4,0,0.01,0.05031005481344451,-0.16018878491185373
4,1,0.0,0.6324055060818097,-0.13249353423229424
4,1,0.0,0.04396707432366207,-0.12036907942815825
4,1,0.0,0.024375132103034783,-0.04111805340447316
4,1,0.0,0.0438103769301606,-0.10291614413774793
4,1,0.0,0.020805379932182202,-0.17376409427494743
4,1,0.01,0.04396707432366207,-0.12036907942815825
4,1,0.01,0.0438103769301606,-0.10291614413774793
4,1,0.01,0.020805379932182202,-0.17376409427494743
4,1,0.01,0.045392854396961696,-0.09956265585227644
4,1,0.01,0.07724339622152296,-0.13655764240263776
4,2,0.0,0.5830868691651462,-0.09424300924194537
4,2,0.0,0.031559055275340225,-0.08070683585313569
4,2,0.0,0.05238347598063959,-0.08365048403503617
4,2,0.0,0.09085829701942277,-0.08666139219234767
4,2,0.0,0.041308511338719885,-0.044508585410880756
4,2,0.01,0.031559055275340225,-0.08070683585313569
4,2,0.01,0.05238347598063959,-0.08365048403503617
4,2,0.01,0.041308511338719885,-0.044508585410880756
4,2,0.01,0.13653059653422964,-0.1269205903075568
4,2,0.01,0.0661317642867808,-0.17990189961269462
4,3,0.0,1.600416182227591,-0.022591647740388736
4,3,0.0,0.1364679864198425,-0.06975176404824256
4,3,0.0,0.07412124970837926,-0.14075154416551994
4,3,0.0,0.0752445139593434,-0.05236709327994193
4,3,0.0,0.06262234490921038,-0.07627214030859508
4,3,0.01,0.1364679864198425,-0.06975176404824256
4,3,0.01,0.0752445139593434,-0.05236709327994193
4,3,0.01,0.03844321410513621,-0.15692169478635148
4,3,0.01,0.20563942641558353,-0.11690381391599461
4,3,0.01,0.09725185486754435,-0.04159181760432482
4,4,0.0,0.2363333962495786,-0.013665445097830695
4,4,0.0,0.03442934444333048,-0.10439258345413614
4,4,0.0,0.05730804833800951,-0.10385881940318833
4,4,0.0,0.09764055169133279,-0.08574524707690039
4,4,0.0,0.20895969989556712,-0.03879939992528338
4,4,0.01,0.20895969989556712,-0.03879939992528338
4,4,0.01,0.09764055169133279,-0.08574524707690039
4,4,0.01,0.03442934444333048,-0.10439258345413614
4,4,0.01,0.043904568907455234,-0.1252013736794286
4,4,0.01,0.24453235715374194,-0.07438705102806668
4,5,0.0,1.4655517929891215,-0.04490040929557418
4,5,0.0,0.3565126836846483,-0.09416840946641097
4,5,0.0,0.1303759273572425,-0.12789846704430052
4,5,0.0,0.08174161170106614,-0.09840872676881006
4,5,0.0,0.08993894325663447,-0.07806289246076527
4,5,0.01,0.1303759273572425,-0.12789846704430052
4,5,0.01,0.3565126836846483,-0.09416840946641097
4,5,0.01,0.04176549712930954,-0.0414729056685613
4,5,0.01,0.08185532755503122,-0.11659911898793757
4,5,0.01,0.08993894325663447,-0.07806289246076527
