rho,round,idx,H,w_rob,w_rob_floor
0.0,0,0,0.596561439176863,-0.07453004728621794,0.0
0.0,0,222,-1.0000889003658176e-12,-0.08692459529281017,0.0
0.0,0,280,0.03778952098879299,-0.08424839076646769,0.0
0.0,0,318,0.006792245624382477,-0.05873981816214061,0.0
0.0,0,187,0.003942931077954203,-0.15374779018659882,0.0
0.0,1,1,1.091876626631818,-0.026638290483458883,0.0
0.0,1,227,0.026541728320915736,-0.1492328091602439,0.0
0.0,1,278,0.048754530043108715,-0.0393157873960248,0.0
0.0,1,308,0.0773210627054246,-0.06817832391569498,0.0
0.0,1,333,0.04842870409973685,-0.03728034662432813,0.0
0.0,2,2,0.5530334464704865,-0.04187067686883629,0.0
0.0,2,269,0.058120821562046,-0.08402425607687596,0.0
0.0,2,192,0.011913886603286464,-0.021787775920272277,0.0
0.0,2,290,0.06306647389059351,-0.021607283186557632,0.0
0.0,2,236,0.11107617006375659,-0.059592588682164285,0.0
0.0,3,3,1.5746319023657471,-0.022433695093267786,0.0
0.0,3,281,0.03135344377852947,-0.05712606962201463,0.0
0.0,3,147,0.05173558577830363,-0.08219631263758752,0.0
0.0,3,249,0.05219642245937018,-0.09722070413500945,0.0
0.0,3,277,0.07947208371993474,-0.12007625462292375,0.0
0.0,4,4,0.2336404049398665,-0.07067218552456854,0.0
0.0,4,283,0.033246879381759575,-0.0134556646304603,0.0
0.0,4,210,0.112733541573334,-0.054413235233770924,0.0
0.0,4,95,0.061618811527692434,-0.03339419653051433,0.0
0.0,4,259,0.10761953602405581,-0.15554378205352634,0.0
0.01,0,222,-1.0000889003658176e-12,-0.08692459529281017,0.0
0.01,0,280,0.03778952098879299,-0.08424839076646769,0.0
0.01,0,278,0.03096458690972349,-0.12280873331299304,0.0
0.01,0,281,0.0849080297302487,-0.14304685635350337,0.0
0.01,0,283,0.11440842823803857,-0.1194195431595839,0.0
0.01,1,282,0.13624473133231005,-0.08867441509240855,0.0
0.01,1,277,0.08570759664102043,-0.054118757458648206,0.0
0.01,1,318,0.00803659549958515,-0.018399143489833424,0.0
0.01,1,192,0.007281677987769428,-0.08669961339693526,0.0
0.01,1,251,0.2086449134656533,-0.08927127334717767,0.0
0.01,2,269,0.10375302490096079,-0.17257058594827165,0.0
0.01,2,308,0.013313242296243349,-0.0824226773110394,0.0
0.01,2,279,0.5530250319889782,-0.05623317569869697,0.0
0.01,2,22,0.03158462087004317,-0.10308877664807119,0.0
0.01,2,259,0.11128931369215139,-0.05747167067553893,0.0
0.01,3,266,0.15333618382441194,-0.01866125974992793,0.0
0.01,3,147,0.041611430215303044,-0.08214195851246134,0.0
0.01,3,290,0.021163276938423722,9.475301295983701e-05,0.0
0.01,3,182,0.6828429226114486,-0.09970686000569104,0.0
0.01,3,233,0.0028490363564376794,-0.12742444281445747,0.0
0.01,4,268,0.1916932773866853,-0.06662434982640372,0.0
0.01,4,274,0.5489616722527733,-0.12066611105916315,0.0
0.01,4,295,0.06252063017549406,-0.1539699851204357,0.0
0.01,4,170,0.08805834569198372,-0.11238833036173093,0.0
0.01,4,187,0.010886863677868973,-0.04432555104091084,0.0
