test,dataset,U_max_diff,V_max_diff,iters_f32,iters_f64,pass,alpha_eigsh,alpha_full,alpha_diff,lam2_diff,time_eigsh,time_full,eta,seed,budget_frac,ACC_new,ACC_orig,ACC_diff,NMI_diff,ARI_diff
plcfcm_precision,ecoli,5.58066145750491e-06,3.0689353698321042e-06,150.0,150.0,True,,,,,,,,,,,,,,
plcfcm_precision,segment,8.6217208516981e-06,8.004921596693748e-06,117.0,91.0,True,,,,,,,,,,,,,,
alpha_eigsh,ecoli,,,,,True,0.003048780487804878,0.003048780487804878,0.0,0.0,0.009250899998733075,0.008932400000048801,,,,,,,,
alpha_eigsh,segment,,,,,True,0.03516557765187197,0.03516557765187197,0.0,0.0,3.2971503999979177,2.1226210000022547,,,,,,,,
full_al,ecoli,,,,,True,,,,,,,0.0,0.0,0.05,0.6369047619047619,0.6369047619047619,0.0,0.0,0.0
full_al,ecoli,,,,,True,,,,,,,0.0,0.0,0.1,0.6607142857142857,0.6607142857142857,0.0,0.0,0.0
full_al,ecoli,,,,,True,,,,,,,0.0,0.0,0.15,0.6904761904761905,0.6904761904761905,0.0,0.0,0.0
full_al,ecoli,,,,,True,,,,,,,0.0,0.0,0.2,0.6904761904761905,0.6904761904761905,0.0,0.0,0.0
full_al,ecoli,,,,,True,,,,,,,0.0,0.0,0.3,0.7619047619047619,0.7619047619047619,0.0,0.0,0.0
full_al,ecoli,,,,,True,,,,,,,0.0,1.0,0.05,0.5773809523809523,0.5773809523809523,0.0,0.0,0.0
full_al,ecoli,,,,,True,,,,,,,0.0,1.0,0.1,0.7053571428571429,0.7053571428571429,0.0,0.0,0.0
full_al,ecoli,,,,,True,,,,,,,0.0,1.0,0.15,0.7886904761904762,0.7886904761904762,0.0,0.0,0.0
full_al,ecoli,,,,,True,,,,,,,0.0,1.0,0.2,0.8154761904761905,0.8154761904761905,0.0,0.0,0.0
full_al,ecoli,,,,,True,,,,,,,0.0,1.0,0.3,0.8601190476190477,0.8601190476190477,0.0,0.0,0.0
full_al,ecoli,,,,,True,,,,,,,0.0,2.0,0.05,0.6339285714285714,0.6339285714285714,0.0,0.0,0.0
full_al,ecoli,,,,,True,,,,,,,0.0,2.0,0.1,0.7023809523809523,0.7023809523809523,0.0,0.0,0.0
full_al,ecoli,,,,,True,,,,,,,0.0,2.0,0.15,0.8690476190476191,0.8690476190476191,0.0,0.0,0.0
full_al,ecoli,,,,,True,,,,,,,0.0,2.0,0.2,0.7976190476190477,0.7976190476190477,0.0,0.0,0.0
full_al,ecoli,,,,,True,,,,,,,0.0,2.0,0.3,0.7619047619047619,0.7619047619047619,0.0,0.0,0.0
full_al,ecoli,,,,,True,,,,,,,0.0,3.0,0.05,0.5505952380952381,0.5505952380952381,0.0,0.0,0.0
full_al,ecoli,,,,,True,,,,,,,0.0,3.0,0.1,0.7470238095238095,0.7470238095238095,0.0,0.0,0.0
full_al,ecoli,,,,,True,,,,,,,0.0,3.0,0.15,0.8214285714285714,0.8214285714285714,0.0,0.0,0.0
full_al,ecoli,,,,,True,,,,,,,0.0,3.0,0.2,0.8601190476190477,0.8601190476190477,0.0,0.0,0.0
full_al,ecoli,,,,,True,,,,,,,0.0,3.0,0.3,0.8601190476190477,0.8601190476190477,0.0,0.0,0.0
full_al,ecoli,,,,,True,,,,,,,0.0,4.0,0.05,0.5625,0.5625,0.0,0.0,0.0
full_al,ecoli,,,,,True,,,,,,,0.0,4.0,0.1,0.6964285714285714,0.6964285714285714,0.0,0.0,0.0
full_al,ecoli,,,,,True,,,,,,,0.0,4.0,0.15,0.8065476190476191,0.8065476190476191,0.0,0.0,0.0
full_al,ecoli,,,,,True,,,,,,,0.0,4.0,0.2,0.8035714285714286,0.8035714285714286,0.0,0.0,0.0
full_al,ecoli,,,,,True,,,,,,,0.0,4.0,0.3,0.8422619047619048,0.8422619047619048,0.0,0.0,0.0
full_al,ecoli,,,,,True,,,,,,,0.2,0.0,0.05,0.5684523809523809,0.5684523809523809,0.0,0.0,5.551115123125783e-17
full_al,ecoli,,,,,True,,,,,,,0.2,0.0,0.1,0.6904761904761905,0.6904761904761905,0.0,0.0,0.0
full_al,ecoli,,,,,True,,,,,,,0.2,0.0,0.15,0.7172619047619048,0.7172619047619048,0.0,0.0,0.0
full_al,ecoli,,,,,True,,,,,,,0.2,0.0,0.2,0.7440476190476191,0.7440476190476191,0.0,0.0,0.0
full_al,ecoli,,,,,True,,,,,,,0.2,0.0,0.3,0.7708333333333334,0.7708333333333334,0.0,0.0,0.0
full_al,ecoli,,,,,True,,,,,,,0.2,1.0,0.05,0.5833333333333334,0.5833333333333334,0.0,0.0,5.551115123125783e-17
full_al,ecoli,,,,,True,,,,,,,0.2,1.0,0.1,0.7083333333333334,0.7083333333333334,0.0,0.0,0.0
full_al,ecoli,,,,,True,,,,,,,0.2,1.0,0.15,0.7023809523809523,0.7023809523809523,0.0,0.0,0.0
full_al,ecoli,,,,,True,,,,,,,0.2,1.0,0.2,0.6964285714285714,0.6964285714285714,0.0,0.0,0.0
full_al,ecoli,,,,,True,,,,,,,0.2,1.0,0.3,0.7083333333333334,0.7083333333333334,0.0,0.0,0.0
full_al,ecoli,,,,,True,,,,,,,0.2,2.0,0.05,0.6369047619047619,0.6369047619047619,0.0,0.0,0.0
full_al,ecoli,,,,,True,,,,,,,0.2,2.0,0.1,0.6488095238095238,0.6488095238095238,0.0,0.0,0.0
full_al,ecoli,,,,,True,,,,,,,0.2,2.0,0.15,0.6964285714285714,0.6964285714285714,0.0,0.0,0.0
full_al,ecoli,,,,,True,,,,,,,0.2,2.0,0.2,0.6934523809523809,0.6934523809523809,0.0,0.0,0.0
full_al,ecoli,,,,,True,,,,,,,0.2,2.0,0.3,0.7232142857142857,0.7232142857142857,0.0,0.0,0.0
full_al,ecoli,,,,,True,,,,,,,0.2,3.0,0.05,0.6160714285714286,0.6160714285714286,0.0,0.0,0.0
full_al,ecoli,,,,,True,,,,,,,0.2,3.0,0.1,0.6785714285714286,0.6785714285714286,0.0,0.0,0.0
full_al,ecoli,,,,,True,,,,,,,0.2,3.0,0.15,0.7559523809523809,0.7559523809523809,0.0,0.0,0.0
full_al,ecoli,,,,,True,,,,,,,0.2,3.0,0.2,0.8273809523809523,0.8273809523809523,0.0,0.0,0.0
full_al,ecoli,,,,,True,,,,,,,0.2,3.0,0.3,0.8273809523809523,0.8273809523809523,0.0,0.0,0.0
full_al,ecoli,,,,,True,,,,,,,0.2,4.0,0.05,0.5089285714285714,0.5089285714285714,0.0,0.0,0.0
full_al,ecoli,,,,,True,,,,,,,0.2,4.0,0.1,0.6547619047619048,0.6547619047619048,0.0,0.0,0.0
full_al,ecoli,,,,,True,,,,,,,0.2,4.0,0.15,0.7827380952380952,0.7827380952380952,0.0,0.0,0.0
full_al,ecoli,,,,,True,,,,,,,0.2,4.0,0.2,0.7738095238095238,0.7738095238095238,0.0,0.0,0.0
full_al,ecoli,,,,,True,,,,,,,0.2,4.0,0.3,0.7410714285714286,0.7410714285714286,0.0,0.0,0.0
full_al,segment,,,,,True,,,,,,,0.0,0.0,0.05,0.5601731601731602,0.5601731601731602,0.0,0.0,5.551115123125783e-17
full_al,segment,,,,,True,,,,,,,0.0,0.0,0.1,0.7142857142857143,0.7142857142857143,0.0,0.0,0.0
full_al,segment,,,,,True,,,,,,,0.0,0.0,0.15,0.7359307359307359,0.7359307359307359,0.0,0.0,0.0
full_al,segment,,,,,True,,,,,,,0.0,0.0,0.2,0.7640692640692641,0.7640692640692641,0.0,0.0,0.0
full_al,segment,,,,,True,,,,,,,0.0,0.0,0.3,0.7991341991341991,0.7991341991341991,0.0,0.0,0.0
full_al,segment,,,,,True,,,,,,,0.0,1.0,0.05,0.6320346320346321,0.6320346320346321,0.0,0.0,0.0
full_al,segment,,,,,True,,,,,,,0.0,1.0,0.1,0.7238095238095238,0.7238095238095238,0.0,0.0,0.0
full_al,segment,,,,,True,,,,,,,0.0,1.0,0.15,0.7528138528138528,0.7528138528138528,0.0,0.0,0.0
full_al,segment,,,,,True,,,,,,,0.0,1.0,0.2,0.7731601731601732,0.7731601731601732,0.0,0.0,0.0
full_al,segment,,,,,True,,,,,,,0.0,1.0,0.3,0.8038961038961039,0.8038961038961039,0.0,0.0,0.0
full_al,segment,,,,,True,,,,,,,0.0,2.0,0.05,0.5787878787878787,0.5787878787878787,0.0,0.0,5.551115123125783e-17
full_al,segment,,,,,True,,,,,,,0.0,2.0,0.1,0.7333333333333333,0.7333333333333333,0.0,0.0,0.0
full_al,segment,,,,,True,,,,,,,0.0,2.0,0.15,0.7398268398268398,0.7398268398268398,0.0,0.0,0.0
full_al,segment,,,,,True,,,,,,,0.0,2.0,0.2,0.7735930735930736,0.7735930735930736,0.0,0.0,0.0
full_al,segment,,,,,True,,,,,,,0.0,2.0,0.3,0.8056277056277056,0.8056277056277056,0.0,0.0,0.0
full_al,segment,,,,,True,,,,,,,0.0,3.0,0.05,0.6597402597402597,0.6597402597402597,0.0,0.0,0.0
full_al,segment,,,,,True,,,,,,,0.0,3.0,0.1,0.7502164502164502,0.7502164502164502,0.0,0.0,0.0
full_al,segment,,,,,True,,,,,,,0.0,3.0,0.15,0.7441558441558441,0.7441558441558441,0.0,0.0,0.0
full_al,segment,,,,,True,,,,,,,0.0,3.0,0.2,0.7753246753246753,0.7753246753246753,0.0,0.0,0.0
full_al,segment,,,,,True,,,,,,,0.0,3.0,0.3,0.8069264069264069,0.8069264069264069,0.0,0.0,0.0
full_al,segment,,,,,True,,,,,,,0.0,4.0,0.05,0.6225108225108225,0.6225108225108225,0.0,0.0,5.551115123125783e-17
full_al,segment,,,,,True,,,,,,,0.0,4.0,0.1,0.7285714285714285,0.7285714285714285,0.0,0.0,0.0
full_al,segment,,,,,True,,,,,,,0.0,4.0,0.15,0.7536796536796537,0.7536796536796537,0.0,0.0,0.0
full_al,segment,,,,,True,,,,,,,0.0,4.0,0.2,0.767965367965368,0.767965367965368,0.0,0.0,0.0
full_al,segment,,,,,True,,,,,,,0.0,4.0,0.3,0.8008658008658008,0.8008658008658008,0.0,0.0,0.0
full_al,segment,,,,,True,,,,,,,0.2,0.0,0.05,0.5783549783549784,0.5783549783549784,0.0,0.0,0.0
full_al,segment,,,,,True,,,,,,,0.2,0.0,0.1,0.7168831168831169,0.7168831168831169,0.0,0.0,0.0
full_al,segment,,,,,True,,,,,,,0.2,0.0,0.15,0.7173160173160174,0.7173160173160174,0.0,0.0,0.0
full_al,segment,,,,,True,,,,,,,0.2,0.0,0.2,0.7242424242424242,0.7242424242424242,0.0,0.0,0.0
full_al,segment,,,,,True,,,,,,,0.2,0.0,0.3,0.7389610389610389,0.7389610389610389,0.0,0.0,0.0
full_al,segment,,,,,True,,,,,,,0.2,1.0,0.05,0.6463203463203463,0.6463203463203463,0.0,0.0,0.0
full_al,segment,,,,,True,,,,,,,0.2,1.0,0.1,0.6696969696969697,0.6696969696969697,0.0,0.0,0.0
full_al,segment,,,,,True,,,,,,,0.2,1.0,0.15,0.693939393939394,0.693939393939394,0.0,0.0,0.0
full_al,segment,,,,,True,,,,,,,0.2,1.0,0.2,0.6956709956709957,0.6956709956709957,0.0,0.0,0.0
full_al,segment,,,,,True,,,,,,,0.2,1.0,0.3,0.7220779220779221,0.7220779220779221,0.0,0.0,0.0
full_al,segment,,,,,True,,,,,,,0.2,2.0,0.05,0.6376623376623377,0.6376623376623377,0.0,0.0,0.0
full_al,segment,,,,,True,,,,,,,0.2,2.0,0.1,0.7086580086580087,0.7086580086580087,0.0,0.0,0.0
full_al,segment,,,,,True,,,,,,,0.2,2.0,0.15,0.70995670995671,0.70995670995671,0.0,0.0,0.0
full_al,segment,,,,,True,,,,,,,0.2,2.0,0.2,0.7428571428571429,0.7428571428571429,0.0,0.0,0.0
full_al,segment,,,,,True,,,,,,,0.2,2.0,0.3,0.7471861471861472,0.7471861471861472,0.0,0.0,0.0
full_al,segment,,,,,True,,,,,,,0.2,3.0,0.05,0.7103896103896103,0.7103896103896103,0.0,0.0,0.0
full_al,segment,,,,,True,,,,,,,0.2,3.0,0.1,0.6861471861471862,0.6861471861471862,0.0,0.0,0.0
full_al,segment,,,,,True,,,,,,,0.2,3.0,0.15,0.7264069264069264,0.7264069264069264,0.0,0.0,0.0
full_al,segment,,,,,True,,,,,,,0.2,3.0,0.2,0.7411255411255411,0.7411255411255411,0.0,0.0,0.0
full_al,segment,,,,,True,,,,,,,0.2,3.0,0.3,0.7632034632034632,0.7632034632034632,0.0,0.0,0.0
full_al,segment,,,,,True,,,,,,,0.2,4.0,0.05,0.6194805194805195,0.6194805194805195,0.0,0.0,0.0
full_al,segment,,,,,True,,,,,,,0.2,4.0,0.1,0.6913419913419914,0.6913419913419914,0.0,0.0,0.0
full_al,segment,,,,,True,,,,,,,0.2,4.0,0.15,0.7043290043290044,0.7043290043290044,0.0,0.0,0.0
full_al,segment,,,,,True,,,,,,,0.2,4.0,0.2,0.6974025974025974,0.6974025974025974,0.0,0.0,0.0
full_al,segment,,,,,True,,,,,,,0.2,4.0,0.3,0.7277056277056277,0.7277056277056277,0.0,0.0,0.0
