regime,round,mean,sd,lo95,hi95,a,rho_star,C_adv,T,n_seeds,seed_base
well-specified,1,0.5138545230031983,0.34357535203016,0.4662374085944584,0.5614716374119383,0.6,0.25,0.8,200,200,20261001
well-specified,2,0.32890240064611653,0.24645373117250363,0.294745656152199,0.36305914514003407,0.6,0.25,0.8,200,200,20261001
well-specified,3,0.26760184621974514,0.21359375353475918,0.23799926227721593,0.2972044301622743,0.6,0.25,0.8,200,200,20261001
well-specified,4,0.2251673946596175,0.17606779995654814,0.20076564254123463,0.24956914677800035,0.6,0.25,0.8,200,200,20261001
well-specified,5,0.20628123469650245,0.15283158362135868,0.18509985786150668,0.22746261153149822,0.6,0.25,0.8,200,200,20261001
well-specified,6,0.19494962114266923,0.14064394601424185,0.17545736470260623,0.21444187758273223,0.6,0.25,0.8,200,200,20261001
well-specified,7,0.18210057460497142,0.13256008159059646,0.16372868461393028,0.20047246459601256,0.6,0.25,0.8,200,200,20261001
well-specified,8,0.1771336067414023,0.1305591726041284,0.15903902858768343,0.19522818489512117,0.6,0.25,0.8,200,200,20261001
well-specified,9,0.1663319626114761,0.12194443793040691,0.14943132576971582,0.18323259945323636,0.6,0.25,0.8,200,200,20261001
well-specified,10,0.1550872459138359,0.11752460875853334,0.13879916614318277,0.17137532568448904,0.6,0.25,0.8,200,200,20261001
well-specified,11,0.14927455913385276,0.10686016163729166,0.13446449632709853,0.164084621940607,0.6,0.25,0.8,200,200,20261001
well-specified,12,0.1490060384880956,0.10686969315574016,0.13419465468028072,0.16381742229591048,0.6,0.25,0.8,200,200,20261001
well-specified,13,0.14085268888324295,0.10413460222284757,0.12642036933920686,0.15528500842727905,0.6,0.25,0.8,200,200,20261001
well-specified,14,0.1337763707517188,0.09925920364943491,0.12001974697656319,0.14753299452687443,0.6,0.25,0.8,200,200,20261001
well-specified,15,0.12790417022831338,0.0923626223825003,0.11510336385180506,0.1407049766048217,0.6,0.25,0.8,200,200,20261001
well-specified,16,0.12114842704201306,0.0848172741151674,0.10939335258304882,0.1329035015009773,0.6,0.25,0.8,200,200,20261001
well-specified,17,0.1146551406831759,0.08803049782440293,0.10245473613845477,0.12685554522789702,0.6,0.25,0.8,200,200,20261001
well-specified,18,0.11039901848539241,0.08598061187975234,0.09848271363808707,0.12231532333269775,0.6,0.25,0.8,200,200,20261001
well-specified,19,0.10931742826471556,0.0853612704184495,0.09748695976465305,0.12114789676477808,0.6,0.25,0.8,200,200,20261001
well-specified,20,0.10374645759385519,0.08000891035254705,0.0926577883529912,0.11483512683471918,0.6,0.25,0.8,200,200,20261001
well-specified,21,0.10149106992999467,0.07745111166917751,0.09075689350073912,0.11222524635925021,0.6,0.25,0.8,200,200,20261001
well-specified,22,0.09837770339720345,0.07254595783365077,0.08832334660576129,0.10843206018864561,0.6,0.25,0.8,200,200,20261001
well-specified,23,0.09818641650203103,0.07261318495291205,0.08812274250721464,0.10825009049684742,0.6,0.25,0.8,200,200,20261001
well-specified,24,0.09612633757144938,0.07311367102938271,0.08599329974531487,0.10625937539758389,0.6,0.25,0.8,200,200,20261001
well-specified,25,0.09104790339267063,0.06949071784413632,0.08141698126051711,0.10067882552482416,0.6,0.25,0.8,200,200,20261001
well-specified,26,0.0873430172179981,0.06667006258852202,0.07810301795973691,0.09658301647625929,0.6,0.25,0.8,200,200,20261001
well-specified,27,0.0871640363739117,0.06664209314571469,0.07792791348265482,0.09640015926516857,0.6,0.25,0.8,200,200,20261001
well-specified,28,0.08662796194850776,0.06447389298984126,0.07769233626775571,0.09556358762925982,0.6,0.25,0.8,200,200,20261001
well-specified,29,0.08204161922376647,0.06392681541591366,0.07318181462643683,0.09090142382109612,0.6,0.25,0.8,200,200,20261001
well-specified,30,0.0815312285901954,0.0646314854194885,0.07257376171301257,0.09048869546737824,0.6,0.25,0.8,200,200,20261001
well-specified,31,0.0810960857369653,0.06365023142025393,0.0722746137257398,0.08991755774819081,0.6,0.25,0.8,200,200,20261001
well-specified,32,0.08091598480252216,0.061918521823962965,0.07233451549661896,0.08949745410842536,0.6,0.25,0.8,200,200,20261001
well-specified,33,0.08063822248047008,0.059899224110572816,0.07233661355941591,0.08893983140152424,0.6,0.25,0.8,200,200,20261001
well-specified,34,0.07971025298692198,0.06091309765392964,0.07126812836174426,0.08815237761209971,0.6,0.25,0.8,200,200,20261001
well-specified,35,0.07915035310946757,0.06016154838906282,0.07081238789828014,0.087488318320655,0.6,0.25,0.8,200,200,20261001
well-specified,36,0.07820859043665129,0.05902641720158543,0.07002794638166338,0.08638923449163921,0.6,0.25,0.8,200,200,20261001
well-specified,37,0.07843354799524226,0.05970178918873454,0.07015930215831477,0.08670779383216974,0.6,0.25,0.8,200,200,20261001
well-specified,38,0.07563667143740084,0.05957846729938139,0.0673795171423425,0.08389382573245918,0.6,0.25,0.8,200,200,20261001
well-specified,39,0.07540108356454174,0.05711757725439692,0.06748499122904175,0.08331717590004173,0.6,0.25,0.8,200,200,20261001
well-specified,40,0.07497715177121879,0.059781860373798686,0.06669180863421575,0.08326249490822182,0.6,0.25,0.8,200,200,20261001
well-specified,41,0.07476838471740992,0.058781191757833244,0.06662172717496455,0.08291504225985528,0.6,0.25,0.8,200,200,20261001
well-specified,42,0.07266557983307907,0.05656579376443497,0.06482596078768886,0.08050519887846928,0.6,0.25,0.8,200,200,20261001
well-specified,43,0.07205622026936957,0.056485565210593,0.06422772033425478,0.07988472020448437,0.6,0.25,0.8,200,200,20261001
well-specified,44,0.0712099253869933,0.0558376177813606,0.06347122638400679,0.07894862438997982,0.6,0.25,0.8,200,200,20261001
well-specified,45,0.07016014818419392,0.055756808397547486,0.06243264879040984,0.07788764757797799,0.6,0.25,0.8,200,200,20261001
well-specified,46,0.06892390858026007,0.053889639861041186,0.06145518554309722,0.07639263161742292,0.6,0.25,0.8,200,200,20261001
well-specified,47,0.06849043454704466,0.054277854991720484,0.06096790763779515,0.07601296145629417,0.6,0.25,0.8,200,200,20261001
well-specified,48,0.06814401976845019,0.053651798695619264,0.06070825983506672,0.07557977970183367,0.6,0.25,0.8,200,200,20261001
well-specified,49,0.06724202815904111,0.05329557935453118,0.059855637707545574,0.07462841861053664,0.6,0.25,0.8,200,200,20261001
well-specified,50,0.06567733365427397,0.0529247465159017,0.05834233801209523,0.07301232929645272,0.6,0.25,0.8,200,200,20261001
well-specified,51,0.06542375688795518,0.0524373543795208,0.05815631034958389,0.07269120342632647,0.6,0.25,0.8,200,200,20261001
well-specified,52,0.06604768085388696,0.05202019714327219,0.05883804935878787,0.07325731234898605,0.6,0.25,0.8,200,200,20261001
well-specified,53,0.06378527059849837,0.051391709394805286,0.05666274306137067,0.07090779813562607,0.6,0.25,0.8,200,200,20261001
well-specified,54,0.0639763369861275,0.04940027011641754,0.05712980885174136,0.07082286512051363,0.6,0.25,0.8,200,200,20261001
well-specified,55,0.06247435570959188,0.04915324002761362,0.055662064198792015,0.06928664722039174,0.6,0.25,0.8,200,200,20261001
well-specified,56,0.06133377567066647,0.047466635421734855,0.05475523563245008,0.06791231570888286,0.6,0.25,0.8,200,200,20261001
well-specified,57,0.061756338146977445,0.04745581946502248,0.05517929712388298,0.0683333791700719,0.6,0.25,0.8,200,200,20261001
well-specified,58,0.061472296804913826,0.04628357492251027,0.05505772058660235,0.0678868730232253,0.6,0.25,0.8,200,200,20261001
well-specified,59,0.06147748974891848,0.0453640224520256,0.05519035700096416,0.06776462249687279,0.6,0.25,0.8,200,200,20261001
well-specified,60,0.06015157455895248,0.04521577783021001,0.05388498746736077,0.06641816165054419,0.6,0.25,0.8,200,200,20261001
well-specified,61,0.05894907879373181,0.04528859245652018,0.05267240010979754,0.06522575747766608,0.6,0.25,0.8,200,200,20261001
well-specified,62,0.05748958396336023,0.04590340629847108,0.051127696428211036,0.06385147149850942,0.6,0.25,0.8,200,200,20261001
well-specified,63,0.05795028867129203,0.0446831945103329,0.05175751386199859,0.06414306348058547,0.6,0.25,0.8,200,200,20261001
well-specified,64,0.05708589864015124,0.04496853641090057,0.050853577461059576,0.0633182198192429,0.6,0.25,0.8,200,200,20261001
well-specified,65,0.05729358051435404,0.04431910350821544,0.05115126614350758,0.0634358948852005,0.6,0.25,0.8,200,200,20261001
well-specified,66,0.05750875385624683,0.04351833980847436,0.051477419672074504,0.06354008804041916,0.6,0.25,0.8,200,200,20261001
well-specified,67,0.057548117344955116,0.04329669260705576,0.051547501895656996,0.06354873279425324,0.6,0.25,0.8,200,200,20261001
well-specified,68,0.05687736462167968,0.043698709868398515,0.05082103242257825,0.06293369682078111,0.6,0.25,0.8,200,200,20261001
well-specified,69,0.05599958723726905,0.042001855137572576,0.0501784271055913,0.0618207473689468,0.6,0.25,0.8,200,200,20261001
well-specified,70,0.0564143892156327,0.04093837544005797,0.050740619850285246,0.06208815858098016,0.6,0.25,0.8,200,200,20261001
well-specified,71,0.055761841325952376,0.04035063884914686,0.05016952809628592,0.06135415455561883,0.6,0.25,0.8,200,200,20261001
well-specified,72,0.0552979351119924,0.04122159968897367,0.04958491286839201,0.06101095735559279,0.6,0.25,0.8,200,200,20261001
well-specified,73,0.05507560083833491,0.04139476400714294,0.04933857924466166,0.06081262243200816,0.6,0.25,0.8,200,200,20261001
well-specified,74,0.05475636237437942,0.04076727915763002,0.04910630574397392,0.06040641900478492,0.6,0.25,0.8,200,200,20261001
well-specified,75,0.05422727301824067,0.041170834065917206,0.048521286531037905,0.05993325950544344,0.6,0.25,0.8,200,200,20261001
well-specified,76,0.05493882233018689,0.04023841931827185,0.04936206193400804,0.06051558272636574,0.6,0.25,0.8,200,200,20261001
well-specified,77,0.054489623907850906,0.04024410164564559,0.048912075981277156,0.06006717183442466,0.6,0.25,0.8,200,200,20261001
well-specified,78,0.05400870138509521,0.03999408680403399,0.04846580374774202,0.0595515990224484,0.6,0.25,0.8,200,200,20261001
well-specified,79,0.05325258044589599,0.03973465626007117,0.047745638047531874,0.0587595228442601,0.6,0.25,0.8,200,200,20261001
well-specified,80,0.05246772051677731,0.0393645179899019,0.047012076665452616,0.057923364368102005,0.6,0.25,0.8,200,200,20261001
well-specified,81,0.05268059368490354,0.03959104224400649,0.04719355517368745,0.05816763219611963,0.6,0.25,0.8,200,200,20261001
well-specified,82,0.052511349439993193,0.0391417313878749,0.047086582236410456,0.05793611664357593,0.6,0.25,0.8,200,200,20261001
well-specified,83,0.05237727155441654,0.03847810753541744,0.04704447792437484,0.05771006518445823,0.6,0.25,0.8,200,200,20261001
well-specified,84,0.05200707112609129,0.038223365315783325,0.04670958296643732,0.057304559285745266,0.6,0.25,0.8,200,200,20261001
well-specified,85,0.05060886718424823,0.038404733222443074,0.04528624271516327,0.055931491653333186,0.6,0.25,0.8,200,200,20261001
well-specified,86,0.05036633158901621,0.038363564719784804,0.04504941278330184,0.055683250394730585,0.6,0.25,0.8,200,200,20261001
well-specified,87,0.05027969545558999,0.03839813395111465,0.04495798559884845,0.05560140531233153,0.6,0.25,0.8,200,200,20261001
well-specified,88,0.050077872497111625,0.03807417242172856,0.04480106141764749,0.05535468357657576,0.6,0.25,0.8,200,200,20261001
well-specified,89,0.049347758300541306,0.03782292892792197,0.0441057677928043,0.05458974880827831,0.6,0.25,0.8,200,200,20261001
well-specified,90,0.04835478509203031,0.03710827929760953,0.04321183996984751,0.05349773021421311,0.6,0.25,0.8,200,200,20261001
well-specified,91,0.048764714771691066,0.03678874274884278,0.04366605515576037,0.05386337438762176,0.6,0.25,0.8,200,200,20261001
well-specified,92,0.04846923013648732,0.037177470992185,0.04331669553468304,0.05362176473829159,0.6,0.25,0.8,200,200,20261001
well-specified,93,0.04803144759527302,0.03677457860992805,0.04293475102884288,0.05312814416170317,0.6,0.25,0.8,200,200,20261001
well-specified,94,0.04810182648227987,0.03563199849086444,0.04316348344129653,0.05304016952326321,0.6,0.25,0.8,200,200,20261001
well-specified,95,0.04802792387470883,0.03591706691769549,0.04305007236545347,0.0530057753839642,0.6,0.25,0.8,200,200,20261001
well-specified,96,0.04832254043810587,0.035767212101587044,0.0433654577467566,0.05327962312945514,0.6,0.25,0.8,200,200,20261001
well-specified,97,0.04847127804477267,0.03586198175477212,0.0435010609495975,0.053441495139947844,0.6,0.25,0.8,200,200,20261001
well-specified,98,0.048289527653257454,0.0356080277714707,0.04335450678448783,0.05322454852202708,0.6,0.25,0.8,200,200,20261001
well-specified,99,0.047667780431266245,0.03508718477102057,0.04280494471953678,0.05253061614299571,0.6,0.25,0.8,200,200,20261001
well-specified,100,0.047037809087982926,0.035551261230870365,0.04211065566035069,0.051964962515615165,0.6,0.25,0.8,200,200,20261001
well-specified,101,0.04721819420441079,0.035993592321226106,0.0422297368153286,0.052206651593492984,0.6,0.25,0.8,200,200,20261001
well-specified,102,0.04693291426973091,0.035905372240424824,0.04195668356005351,0.05190914497940831,0.6,0.25,0.8,200,200,20261001
well-specified,103,0.04649637266594958,0.03518276507609723,0.04162029019977407,0.05137245513212509,0.6,0.25,0.8,200,200,20261001
well-specified,104,0.04629807184596928,0.03564722369320013,0.041357618699597906,0.05123852499234065,0.6,0.25,0.8,200,200,20261001
well-specified,105,0.04611590993586964,0.03571400005817953,0.04116620205748028,0.051065617814259,0.6,0.25,0.8,200,200,20261001
well-specified,106,0.045404212914172855,0.03579675927163019,0.04044303519398032,0.05036539063436539,0.6,0.25,0.8,200,200,20261001
well-specified,107,0.045279380180979656,0.03489299302253102,0.04044345807248285,0.050115302289476464,0.6,0.25,0.8,200,200,20261001
well-specified,108,0.044893895582180106,0.03522625157837115,0.040011786194277595,0.04977600497008262,0.6,0.25,0.8,200,200,20261001
well-specified,109,0.04496593939700265,0.03555860856579865,0.04003776768070153,0.04989411111330377,0.6,0.25,0.8,200,200,20261001
well-specified,110,0.04514246942902103,0.035083826817833556,0.04028009910585958,0.050004839752182485,0.6,0.25,0.8,200,200,20261001
well-specified,111,0.045461907543289284,0.03507821234561316,0.040600315346278275,0.050323499740300294,0.6,0.25,0.8,200,200,20261001
well-specified,112,0.045367800806342166,0.035132657120312924,0.04049866294853065,0.050236938664153685,0.6,0.25,0.8,200,200,20261001
well-specified,113,0.04519675574342982,0.03501422195973065,0.04034403216143331,0.05004947932542633,0.6,0.25,0.8,200,200,20261001
well-specified,114,0.04492011150773438,0.03463480447325404,0.04011997250654519,0.04972025050892357,0.6,0.25,0.8,200,200,20261001
well-specified,115,0.044782010112605686,0.03487596672241999,0.03994844772891321,0.04961557249629816,0.6,0.25,0.8,200,200,20261001
well-specified,116,0.04511455244698339,0.03453828306052827,0.04032779063110595,0.04990131426286083,0.6,0.25,0.8,200,200,20261001
well-specified,117,0.04456693813389736,0.034668915449079206,0.03976207159265367,0.049371804675141046,0.6,0.25,0.8,200,200,20261001
well-specified,118,0.04434859368332841,0.034580542164301606,0.03955597505447735,0.04914121231217947,0.6,0.25,0.8,200,200,20261001
well-specified,119,0.043584950557882286,0.03398321735318376,0.038875116924235655,0.04829478419152892,0.6,0.25,0.8,200,200,20261001
well-specified,120,0.04308449712055233,0.033671005104036256,0.038417933897019876,0.047751060344084786,0.6,0.25,0.8,200,200,20261001
well-specified,121,0.043106576269268546,0.03282807157435635,0.038556837672661624,0.04765631486587547,0.6,0.25,0.8,200,200,20261001
well-specified,122,0.04297002769326838,0.032601294292181004,0.03845171882445433,0.047488336562082435,0.6,0.25,0.8,200,200,20261001
well-specified,123,0.042613437148441395,0.031948711581652155,0.03818557162896775,0.04704130266791504,0.6,0.25,0.8,200,200,20261001
well-specified,124,0.042589544046792965,0.03155732889681625,0.03821592140001467,0.046963166693571264,0.6,0.25,0.8,200,200,20261001
well-specified,125,0.042381175764060454,0.031386433923742664,0.03803123795217103,0.046731113575949876,0.6,0.25,0.8,200,200,20261001
well-specified,126,0.041970181991846364,0.030958888809064174,0.03767949890972801,0.04626086507396472,0.6,0.25,0.8,200,200,20261001
well-specified,127,0.041620797178010156,0.030990310160210633,0.03732575931879974,0.045915835037220576,0.6,0.25,0.8,200,200,20261001
well-specified,128,0.041651655481532976,0.03166661424536416,0.03726288665819033,0.04604042430487562,0.6,0.25,0.8,200,200,20261001
well-specified,129,0.04127262583180594,0.03165825266141835,0.03688501586487437,0.04566023579873751,0.6,0.25,0.8,200,200,20261001
well-specified,130,0.041275432535747905,0.03198310215964583,0.036842800725336244,0.045708064346159566,0.6,0.25,0.8,200,200,20261001
well-specified,131,0.041141819625803995,0.03235791128151276,0.03665724192133468,0.04562639733027331,0.6,0.25,0.8,200,200,20261001
well-specified,132,0.04131709255621021,0.03270623279180338,0.036784239953356807,0.04584994515906361,0.6,0.25,0.8,200,200,20261001
well-specified,133,0.0416105650028064,0.03287348122463523,0.03705453294975735,0.046166597055855456,0.6,0.25,0.8,200,200,20261001
well-specified,134,0.04164409178722929,0.03294459530597069,0.03707820382534681,0.04620997974911177,0.6,0.25,0.8,200,200,20261001
well-specified,135,0.041292152084070013,0.03283953265756263,0.03674082506237073,0.045843479105769296,0.6,0.25,0.8,200,200,20261001
well-specified,136,0.04125658318570098,0.03256042971718902,0.036743937858032004,0.04576922851336996,0.6,0.25,0.8,200,200,20261001
well-specified,137,0.04066713823107786,0.03203022776017795,0.03622797514565226,0.04510630131650346,0.6,0.25,0.8,200,200,20261001
well-specified,138,0.04064397655700899,0.03213034941604374,0.03619093731802935,0.04509701579598863,0.6,0.25,0.8,200,200,20261001
well-specified,139,0.040163320166162586,0.0323347614937965,0.03568195085858121,0.04464468947374396,0.6,0.25,0.8,200,200,20261001
well-specified,140,0.04012758071169343,0.032272115243454046,0.03565489373144493,0.044600267691941926,0.6,0.25,0.8,200,200,20261001
well-specified,141,0.03982676170778028,0.032111192814688806,0.03537637743829426,0.0442771459772663,0.6,0.25,0.8,200,200,20261001
well-specified,142,0.039588888442970455,0.03193383781781632,0.03516308432199374,0.04401469256394717,0.6,0.25,0.8,200,200,20261001
well-specified,143,0.03950805399054134,0.03201588006735055,0.0350708793938907,0.04394522858719198,0.6,0.25,0.8,200,200,20261001
well-specified,144,0.0393560746865666,0.03232499346642078,0.03487605915851087,0.04383609021462233,0.6,0.25,0.8,200,200,20261001
well-specified,145,0.03949594752160876,0.0320484897678768,0.0350542534510447,0.04393764159217282,0.6,0.25,0.8,200,200,20261001
well-specified,146,0.03884446024650135,0.031988104668516634,0.03441113512373237,0.043277785369270336,0.6,0.25,0.8,200,200,20261001
well-specified,147,0.038428331218889146,0.03170337417838653,0.03403446772875495,0.04282219470902334,0.6,0.25,0.8,200,200,20261001
well-specified,148,0.037900848933442075,0.031614343872021264,0.033519324414246834,0.042282373452637315,0.6,0.25,0.8,200,200,20261001
well-specified,149,0.03765562227053675,0.032052140785427015,0.03321342219475617,0.042097822346317336,0.6,0.25,0.8,200,200,20261001
well-specified,150,0.03714070800965286,0.03196406240725229,0.032710714974294994,0.04157070104501073,0.6,0.25,0.8,200,200,20261001
well-specified,151,0.03731970889950782,0.031659512072510686,0.032931924387104,0.04170749341191164,0.6,0.25,0.8,200,200,20261001
well-specified,152,0.03723201103859081,0.031140731811239313,0.032916125802162376,0.04154789627501925,0.6,0.25,0.8,200,200,20261001
well-specified,153,0.03700798901192967,0.031211207794103208,0.03268233630260404,0.0413336417212553,0.6,0.25,0.8,200,200,20261001
well-specified,154,0.03672371133720282,0.03080599478474776,0.03245421828575828,0.04099320438864736,0.6,0.25,0.8,200,200,20261001
well-specified,155,0.03698437120291626,0.03055835063026108,0.03274919988021963,0.04121954252561289,0.6,0.25,0.8,200,200,20261001
well-specified,156,0.03669499403983137,0.030149690449719574,0.032516460128567654,0.040873527951095084,0.6,0.25,0.8,200,200,20261001
well-specified,157,0.03662846355701987,0.029782725138148166,0.032500788443169545,0.04075613867087019,0.6,0.25,0.8,200,200,20261001
well-specified,158,0.03616542315737725,0.029474142227594768,0.0320805154529746,0.040250330861779905,0.6,0.25,0.8,200,200,20261001
well-specified,159,0.0356374328961912,0.028822679521841133,0.03164281331638654,0.03963205247599586,0.6,0.25,0.8,200,200,20261001
well-specified,160,0.035793753501711614,0.02836133664441654,0.03186307278261445,0.03972443422080878,0.6,0.25,0.8,200,200,20261001
well-specified,161,0.0354423899572967,0.028859840746496557,0.031442620094517634,0.03944215982007576,0.6,0.25,0.8,200,200,20261001
well-specified,162,0.03535298924066688,0.028393434341476127,0.03141786000771646,0.039288118473617295,0.6,0.25,0.8,200,200,20261001
well-specified,163,0.03492860267854039,0.02805990070555115,0.031039698849150373,0.0388175065079304,0.6,0.25,0.8,200,200,20261001
well-specified,164,0.034924714611505266,0.027775951614437067,0.0310751641183716,0.03877426510463893,0.6,0.25,0.8,200,200,20261001
well-specified,165,0.034691238793168405,0.02730975711342597,0.03090629956146604,0.03847617802487077,0.6,0.25,0.8,200,200,20261001
well-specified,166,0.03465106118137295,0.026975207899469993,0.030912488105165045,0.03838963425758085,0.6,0.25,0.8,200,200,20261001
well-specified,167,0.03426381613487787,0.026923868088045966,0.03053235839351531,0.03799527387624043,0.6,0.25,0.8,200,200,20261001
well-specified,168,0.03417431218370831,0.02649913690197275,0.03050171918150909,0.03784690518590753,0.6,0.25,0.8,200,200,20261001
well-specified,169,0.0338557109861495,0.026296400039050545,0.03021121587962176,0.037500206092677235,0.6,0.25,0.8,200,200,20261001
well-specified,170,0.03359748845970369,0.026502558933071674,0.029924421188190952,0.03727055573121642,0.6,0.25,0.8,200,200,20261001
well-specified,171,0.033507886608543605,0.026380217569772973,0.02985177498492206,0.037163998232165145,0.6,0.25,0.8,200,200,20261001
well-specified,172,0.03338187481774551,0.026134531461305878,0.02975981355153869,0.03700393608395233,0.6,0.25,0.8,200,200,20261001
well-specified,173,0.03303830624216533,0.026057565303894557,0.029426911941156687,0.03664970054317398,0.6,0.25,0.8,200,200,20261001
well-specified,174,0.033026372008083574,0.025673292457949474,0.029468235206372876,0.03658450880979427,0.6,0.25,0.8,200,200,20261001
well-specified,175,0.03280946522769796,0.025394105031548517,0.02929002182918357,0.03632890862621235,0.6,0.25,0.8,200,200,20261001
well-specified,176,0.03265838336207466,0.02526095082860998,0.02915739419456917,0.03615937252958015,0.6,0.25,0.8,200,200,20261001
well-specified,177,0.03207884779578566,0.025413878970229262,0.02855666386918941,0.03560103172238191,0.6,0.25,0.8,200,200,20261001
well-specified,178,0.03187390970556818,0.025204863096199678,0.028380693901184716,0.03536712550995164,0.6,0.25,0.8,200,200,20261001
well-specified,179,0.03150739034974738,0.025339748254207418,0.02799548041622181,0.03501930028327295,0.6,0.25,0.8,200,200,20261001
well-specified,180,0.031140245857799637,0.02502881342873763,0.02767142929249903,0.034609062423100245,0.6,0.25,0.8,200,200,20261001
well-specified,181,0.030898421908255532,0.025011854620027852,0.02743195571392827,0.03436488810258279,0.6,0.25,0.8,200,200,20261001
well-specified,182,0.030847387294229825,0.024671232664084417,0.027428128894496816,0.03426664569396283,0.6,0.25,0.8,200,200,20261001
well-specified,183,0.031014278511227643,0.0249179663135097,0.027560824572310152,0.03446773245014513,0.6,0.25,0.8,200,200,20261001
well-specified,184,0.03085376901144075,0.02488595716058517,0.027404751314785484,0.03430278670809602,0.6,0.25,0.8,200,200,20261001
well-specified,185,0.030831709658153166,0.024525468051780845,0.027432653203000267,0.03423076611330606,0.6,0.25,0.8,200,200,20261001
well-specified,186,0.030737440547346413,0.024369238145979834,0.027360036452453454,0.03411484464223937,0.6,0.25,0.8,200,200,20261001
well-specified,187,0.03073012355483085,0.024030517875648316,0.027399663694352937,0.034060583415308765,0.6,0.25,0.8,200,200,20261001
well-specified,188,0.030610272022535266,0.024118630503773098,0.027267600374833733,0.033952943670236796,0.6,0.25,0.8,200,200,20261001
well-specified,189,0.0308653924728998,0.023714335174816456,0.027578753299064895,0.03415203164673471,0.6,0.25,0.8,200,200,20261001
well-specified,190,0.03093287383668618,0.023628172796045364,0.027658176159304465,0.03420757151406789,0.6,0.25,0.8,200,200,20261001
well-specified,191,0.03068180918519517,0.023520591324988047,0.02742202153900553,0.03394159683138481,0.6,0.25,0.8,200,200,20261001
well-specified,192,0.030398942091765458,0.023490112587653572,0.027143378583058656,0.03365450560047226,0.6,0.25,0.8,200,200,20261001
well-specified,193,0.03013262490721802,0.023457728770673637,0.026881549566562312,0.03338370024787373,0.6,0.25,0.8,200,200,20261001
well-specified,194,0.02975507774062433,0.023333153831331853,0.02652126760570602,0.03298888787554264,0.6,0.25,0.8,200,200,20261001
well-specified,195,0.029748774255407017,0.02330673799428789,0.02651862516871959,0.03297892334209444,0.6,0.25,0.8,200,200,20261001
well-specified,196,0.029559390278324788,0.023061952153284132,0.026363166778347352,0.032755613778302224,0.6,0.25,0.8,200,200,20261001
well-specified,197,0.029563758112464554,0.022812890305130153,0.026402052823552968,0.03272546340137614,0.6,0.25,0.8,200,200,20261001
well-specified,198,0.02959274533057427,0.022807257868929634,0.026431820657493752,0.03275367000365478,0.6,0.25,0.8,200,200,20261001
well-specified,199,0.02951938821826405,0.022835612875204192,0.026354533741808937,0.03268424269471916,0.6,0.25,0.8,200,200,20261001
well-specified,200,0.02933808221464428,0.02284613210721732,0.026171769847012454,0.03250439458227611,0.6,0.25,0.8,200,200,20261001
misspecified,1,0.18301508482417023,0.6155548988736937,0.09770352835967731,0.2683266412886631,0.6,0.25,0.8,200,200,20261001
misspecified,2,0.19857391269429253,0.40841388394495565,0.14197063622812264,0.25517718916046245,0.6,0.25,0.8,200,200,20261001
misspecified,3,0.19696177570831433,0.33877087164171515,0.1500105283094728,0.24391302310715585,0.6,0.25,0.8,200,200,20261001
misspecified,4,0.21588754539094346,0.2842278915954244,0.17649556935924549,0.25527952142264143,0.6,0.25,0.8,200,200,20261001
misspecified,5,0.21140822908307366,0.2542173495197457,0.17617550198189982,0.2466409561842475,0.6,0.25,0.8,200,200,20261001
misspecified,6,0.2118399721638636,0.23772578902119357,0.17889285873782115,0.24478708558990606,0.6,0.25,0.8,200,200,20261001
misspecified,7,0.21315596512282703,0.22256488121970458,0.18231004631699843,0.24400188392865563,0.6,0.25,0.8,200,200,20261001
misspecified,8,0.21172867267031872,0.21704291589837646,0.181648059212831,0.24180928612780644,0.6,0.25,0.8,200,200,20261001
misspecified,9,0.2150774518209094,0.203592930955354,0.18686091117319503,0.24329399246862377,0.6,0.25,0.8,200,200,20261001
misspecified,10,0.2226932288961678,0.1929651401656381,0.19594962490399567,0.24943683288833993,0.6,0.25,0.8,200,200,20261001
misspecified,11,0.21970255106544634,0.1813599027866428,0.19456735091467578,0.2448377512162169,0.6,0.25,0.8,200,200,20261001
misspecified,12,0.22499580816837242,0.18195370650786089,0.19977831102056032,0.2502133053161845,0.6,0.25,0.8,200,200,20261001
misspecified,13,0.23054815493502115,0.17436431851232972,0.20638249329968142,0.25471381657036085,0.6,0.25,0.8,200,200,20261001
misspecified,14,0.23344075511002274,0.16602063303915895,0.2104314692840037,0.2564500409360418,0.6,0.25,0.8,200,200,20261001
misspecified,15,0.23542046579036321,0.15734963688700154,0.21361291871939542,0.257228012861331,0.6,0.25,0.8,200,200,20261001
misspecified,16,0.23563686000793296,0.14743584491069567,0.21520329440557404,0.25607042561029186,0.6,0.25,0.8,200,200,20261001
misspecified,17,0.2390885605209431,0.144366101750804,0.21908043961473683,0.25909668142714937,0.6,0.25,0.8,200,200,20261001
misspecified,18,0.23754762301953125,0.13959231336627959,0.21820111542849974,0.25689413061056277,0.6,0.25,0.8,200,200,20261001
misspecified,19,0.23655093721698223,0.138257412634644,0.2173894374284226,0.25571243700554186,0.6,0.25,0.8,200,200,20261001
misspecified,20,0.2392400878605497,0.13077646108923016,0.22111539505921812,0.2573647806618813,0.6,0.25,0.8,200,200,20261001
misspecified,21,0.24372528234261534,0.1277157117755065,0.22602478775395202,0.26142577693127866,0.6,0.25,0.8,200,200,20261001
misspecified,22,0.24195103280378916,0.12216632566475273,0.22501964389099177,0.25888242171658654,0.6,0.25,0.8,200,200,20261001
misspecified,23,0.2414580727868568,0.12201787133647225,0.22454725859425523,0.25836888697945837,0.6,0.25,0.8,200,200,20261001
misspecified,24,0.24104278179931485,0.12063034554069602,0.22432426887096915,0.2577612947276606,0.6,0.25,0.8,200,200,20261001
misspecified,25,0.2419042637537526,0.11443105858918891,0.22604492816242555,0.25776359934507964,0.6,0.25,0.8,200,200,20261001
misspecified,26,0.2431857939861324,0.10984247291807266,0.2279624039234493,0.2584091840488155,0.6,0.25,0.8,200,200,20261001
misspecified,27,0.24327341039566022,0.10968793085894123,0.22807143876962324,0.25847538202169723,0.6,0.25,0.8,200,200,20261001
misspecified,28,0.24319340122684527,0.10794644339011561,0.22823278745012565,0.2581540150035649,0.6,0.25,0.8,200,200,20261001
misspecified,29,0.2421659215363018,0.10387303343714129,0.22776985357644114,0.25656198949616243,0.6,0.25,0.8,200,200,20261001
misspecified,30,0.24274684089814516,0.10394758865600859,0.22834044011212107,0.25715324168416925,0.6,0.25,0.8,200,200,20261001
misspecified,31,0.24459534356739873,0.10310973814951574,0.23030506293722794,0.25888562419756955,0.6,0.25,0.8,200,200,20261001
misspecified,32,0.2459712545560934,0.10197004011106256,0.23183892801537567,0.26010358109681114,0.6,0.25,0.8,200,200,20261001
misspecified,33,0.24688559919515188,0.10056524118657753,0.2329479678521927,0.2608232305381111,0.6,0.25,0.8,200,200,20261001
misspecified,34,0.24839718386741017,0.10046629400604429,0.23447326590402853,0.2623211018307918,0.6,0.25,0.8,200,200,20261001
misspecified,35,0.24928283233356374,0.0995748697532172,0.23548245946846338,0.26308320519866407,0.6,0.25,0.8,200,200,20261001
misspecified,36,0.2475293913532203,0.09810863145948953,0.23393222874802466,0.26112655395841594,0.6,0.25,0.8,200,200,20261001
misspecified,37,0.2483319659794371,0.09871292944697088,0.23465105194609961,0.2620128800127746,0.6,0.25,0.8,200,200,20261001
misspecified,38,0.24582685822229094,0.0963418158337173,0.23247456376987294,0.259179152674709,0.6,0.25,0.8,200,200,20261001
misspecified,39,0.24486862565071912,0.09460363195535999,0.23175723119333888,0.25798002010809934,0.6,0.25,0.8,200,200,20261001
misspecified,40,0.24499637309944663,0.09590897318213919,0.2317040675779557,0.2582886786209376,0.6,0.25,0.8,200,200,20261001
misspecified,41,0.24368857237968505,0.09504523967309218,0.2305159742151856,0.2568611705441845,0.6,0.25,0.8,200,200,20261001
misspecified,42,0.24482858979933653,0.09208491595710877,0.2320662715697566,0.25759090802891643,0.6,0.25,0.8,200,200,20261001
misspecified,43,0.2451025523236752,0.09156802599413308,0.23241187138809297,0.25779323325925746,0.6,0.25,0.8,200,200,20261001
misspecified,44,0.24395822158145222,0.09042946527438503,0.23142533711099236,0.25649110605191205,0.6,0.25,0.8,200,200,20261001
misspecified,45,0.24511893235360968,0.08962175764480154,0.23269799044940037,0.257539874257819,0.6,0.25,0.8,200,200,20261001
misspecified,46,0.24373914644641217,0.08740180249910179,0.23162587462834391,0.25585241826448046,0.6,0.25,0.8,200,200,20261001
misspecified,47,0.24330108032925785,0.08726681326808902,0.2312065170641143,0.2553956435944014,0.6,0.25,0.8,200,200,20261001
misspecified,48,0.24450458815828552,0.08668971297872326,0.23249000691263688,0.25651916940393416,0.6,0.25,0.8,200,200,20261001
misspecified,49,0.2441591498440393,0.08573414268157739,0.23227700388484507,0.25604129580323354,0.6,0.25,0.8,200,200,20261001
misspecified,50,0.2426135085958144,0.08415095045683235,0.2309507818843958,0.254276235307233,0.6,0.25,0.8,200,200,20261001
misspecified,51,0.24383888519000604,0.0837454649385448,0.23223235590427965,0.25544541447573244,0.6,0.25,0.8,200,200,20261001
misspecified,52,0.24430806993015847,0.08401045929455533,0.2326648143004343,0.25595132555988265,0.6,0.25,0.8,200,200,20261001
misspecified,53,0.24407236122373052,0.08182175810815115,0.23273244410238222,0.2554122783450788,0.6,0.25,0.8,200,200,20261001
misspecified,54,0.24420317775395003,0.08074747098516388,0.23301214923168445,0.2553942062762156,0.6,0.25,0.8,200,200,20261001
misspecified,55,0.2444052680453235,0.07941814088340879,0.23339847527561766,0.2554120608150293,0.6,0.25,0.8,200,200,20261001
misspecified,56,0.24495159663500454,0.07751259733800017,0.23420889872680842,0.25569429454320064,0.6,0.25,0.8,200,200,20261001
misspecified,57,0.24465318683042075,0.07782244588008363,0.23386754610519603,0.25543882755564545,0.6,0.25,0.8,200,200,20261001
misspecified,58,0.24354451061379695,0.07679921215261216,0.23290068284802926,0.2541883383795646,0.6,0.25,0.8,200,200,20261001
misspecified,59,0.24301054457242965,0.0762054504112339,0.23244900798559456,0.2535720811592648,0.6,0.25,0.8,200,200,20261001
misspecified,60,0.24324030754644915,0.07506622009143432,0.23283666022656893,0.2536439548663294,0.6,0.25,0.8,200,200,20261001
misspecified,61,0.24346556147693854,0.07416602540313005,0.23318667477568197,0.25374444817819514,0.6,0.25,0.8,200,200,20261001
misspecified,62,0.243389194470519,0.07338161156149363,0.23321902198121125,0.2535593669598267,0.6,0.25,0.8,200,200,20261001
misspecified,63,0.24297886492928455,0.07295310362374263,0.23286808061021771,0.2530896492483514,0.6,0.25,0.8,200,200,20261001
misspecified,64,0.24353771766822835,0.07249395851606211,0.23349056761452264,0.25358486772193406,0.6,0.25,0.8,200,200,20261001
misspecified,65,0.2440315983488772,0.07230098014291943,0.2340111937331607,0.2540520029645937,0.6,0.25,0.8,200,200,20261001
misspecified,66,0.24369458596115462,0.07195668151155463,0.23372189870124843,0.2536672732210608,0.6,0.25,0.8,200,200,20261001
misspecified,67,0.24328686645417583,0.07181739980866317,0.23333348265344517,0.2532402502549065,0.6,0.25,0.8,200,200,20261001
misspecified,68,0.24313163428815632,0.07150843866776165,0.23322107031692516,0.2530421982593875,0.6,0.25,0.8,200,200,20261001
misspecified,69,0.2439618305933762,0.06985145284175974,0.23428091314126864,0.25364274804548376,0.6,0.25,0.8,200,200,20261001
misspecified,70,0.24336487771872517,0.0695002208422666,0.23373263853822543,0.25299711689922494,0.6,0.25,0.8,200,200,20261001
misspecified,71,0.2428285581679146,0.0685674414390225,0.23332559561712632,0.2523315207187029,0.6,0.25,0.8,200,200,20261001
misspecified,72,0.2421556317157565,0.06863384527308321,0.23264346606310143,0.25166779736841155,0.6,0.25,0.8,200,200,20261001
misspecified,73,0.2411738888871414,0.06843828915314241,0.23168882592995482,0.25065895184432796,0.6,0.25,0.8,200,200,20261001
misspecified,74,0.24109815512262817,0.06779126678401154,0.2317027648907808,0.25049354535447554,0.6,0.25,0.8,200,200,20261001
misspecified,75,0.24048031688517188,0.06752282444691858,0.23112213086312003,0.24983850290722373,0.6,0.25,0.8,200,200,20261001
misspecified,76,0.24122444650468064,0.0676400359957999,0.23185001579074352,0.2505988772186178,0.6,0.25,0.8,200,200,20261001
misspecified,77,0.24118765935535305,0.06727242705499649,0.23186417664128983,0.25051114206941627,0.6,0.25,0.8,200,200,20261001
misspecified,78,0.24217525883102717,0.06685499643314256,0.23290962904954796,0.25144088861250635,0.6,0.25,0.8,200,200,20261001
misspecified,79,0.24304946274283556,0.06618442369051125,0.23387676960194068,0.2522221558837304,0.6,0.25,0.8,200,200,20261001
misspecified,80,0.2435896337878295,0.06538318711437295,0.23452798637093375,0.25265128120472524,0.6,0.25,0.8,200,200,20261001
misspecified,81,0.24345917109959664,0.06567833814610867,0.23435661783668205,0.25256172436251123,0.6,0.25,0.8,200,200,20261001
misspecified,82,0.24445350154346904,0.06536402077058609,0.23539451044629908,0.25351249264063896,0.6,0.25,0.8,200,200,20261001
misspecified,83,0.24451252178906607,0.06486497838730201,0.23552269443754678,0.2535023491405854,0.6,0.25,0.8,200,200,20261001
misspecified,84,0.24417377750704056,0.06438351724490116,0.23525067726550047,0.25309687774858064,0.6,0.25,0.8,200,200,20261001
misspecified,85,0.2441605655281602,0.06336230160959971,0.2353789985527721,0.2529421325035483,0.6,0.25,0.8,200,200,20261001
misspecified,86,0.2432561081174678,0.0630521166145785,0.23451753058910646,0.25199468564582916,0.6,0.25,0.8,200,200,20261001
misspecified,87,0.2436103851386304,0.0630407478058673,0.23487338324676885,0.2523473870304919,0.6,0.25,0.8,200,200,20261001
misspecified,88,0.24375906605976744,0.06269683336927642,0.23506972827703712,0.2524484038424978,0.6,0.25,0.8,200,200,20261001
misspecified,89,0.24376700779700233,0.06195939779634439,0.23517987337035645,0.2523541422236482,0.6,0.25,0.8,200,200,20261001
misspecified,90,0.24392879755608837,0.06074466713693152,0.23551001620961337,0.2523475789025634,0.6,0.25,0.8,200,200,20261001
misspecified,91,0.2443592571547594,0.06092110362038107,0.2359160229592408,0.252802491350278,0.6,0.25,0.8,200,200,20261001
misspecified,92,0.2442462401203479,0.06090947269694644,0.2358046178885764,0.25268786235211943,0.6,0.25,0.8,200,200,20261001
misspecified,93,0.24391787035343282,0.06028104563752739,0.2355633436685598,0.25227239703830584,0.6,0.25,0.8,200,200,20261001
misspecified,94,0.2439091130024208,0.05964701803263691,0.23564245806044776,0.25217576794439384,0.6,0.25,0.8,200,200,20261001
misspecified,95,0.24395225709189744,0.059762442575884304,0.23566960512438428,0.2522349090594106,0.6,0.25,0.8,200,200,20261001
misspecified,96,0.24404202660193008,0.05992010980788944,0.23573752307090826,0.25234653013295194,0.6,0.25,0.8,200,200,20261001
misspecified,97,0.24406098371854093,0.06009911585236602,0.23573167121548624,0.25239029622159564,0.6,0.25,0.8,200,200,20261001
misspecified,98,0.24366994344946838,0.05975999610339793,0.23538763054574308,0.2519522563531937,0.6,0.25,0.8,200,200,20261001
misspecified,99,0.24403976779492934,0.058983413951652214,0.235865083686311,0.25221445190354763,0.6,0.25,0.8,200,200,20261001
misspecified,100,0.24370180027432464,0.058717113136790754,0.23556402357566303,0.25183957697298626,0.6,0.25,0.8,200,200,20261001
misspecified,101,0.24298310964294675,0.059049269168508035,0.23479929846692704,0.25116692081896647,0.6,0.25,0.8,200,200,20261001
misspecified,102,0.24235351937426997,0.0586873117088623,0.2342198729427967,0.2504871658057432,0.6,0.25,0.8,200,200,20261001
misspecified,103,0.2427448602487477,0.057945681043946165,0.23471399858344486,0.2507757219140505,0.6,0.25,0.8,200,200,20261001
misspecified,104,0.2426356111371666,0.0580560132194251,0.23458945821248878,0.25068176406184445,0.6,0.25,0.8,200,200,20261001
misspecified,105,0.2420623949487199,0.057875137877500565,0.23404131006748363,0.25008347982995616,0.6,0.25,0.8,200,200,20261001
misspecified,106,0.24214939270411898,0.057370447892426055,0.23419825428620797,0.25010053112203,0.6,0.25,0.8,200,200,20261001
misspecified,107,0.242558087392792,0.056766059322764295,0.23469071295707256,0.25042546182851144,0.6,0.25,0.8,200,200,20261001
misspecified,108,0.24257198709557495,0.056665915424984774,0.23471849189598154,0.25042548229516837,0.6,0.25,0.8,200,200,20261001
misspecified,109,0.24224188106035974,0.05688602610592466,0.2343578800767659,0.2501258820439536,0.6,0.25,0.8,200,200,20261001
misspecified,110,0.24199574648828165,0.0566971590182149,0.23413792114758647,0.24985357182897683,0.6,0.25,0.8,200,200,20261001
misspecified,111,0.24203855488680354,0.056955673548718486,0.2341449012601077,0.24993220851349937,0.6,0.25,0.8,200,200,20261001
misspecified,112,0.24223416739446701,0.05694095745134572,0.23434255331481119,0.25012578147412284,0.6,0.25,0.8,200,200,20261001
misspecified,113,0.24218411574580168,0.05672400291178302,0.2343225700312681,0.25004566146033524,0.6,0.25,0.8,200,200,20261001
misspecified,114,0.24147437045077821,0.056164706555496983,0.2336903392565043,0.24925840164505214,0.6,0.25,0.8,200,200,20261001
misspecified,115,0.2410521211648518,0.05613708350411512,0.23327191833017993,0.24883232399952368,0.6,0.25,0.8,200,200,20261001
misspecified,116,0.24092590893728905,0.0561755347029146,0.23314037703834767,0.24871144083623042,0.6,0.25,0.8,200,200,20261001
misspecified,117,0.24103482188850797,0.05583321885420264,0.23329673254572122,0.24877291123129472,0.6,0.25,0.8,200,200,20261001
misspecified,118,0.24056677994832165,0.05552532988949651,0.23287136183899498,0.24826219805764832,0.6,0.25,0.8,200,200,20261001
misspecified,119,0.24092707882674402,0.05460147790885744,0.23335970006948056,0.24849445758400748,0.6,0.25,0.8,200,200,20261001
misspecified,120,0.24119068372224084,0.054049463114415205,0.2336998103122526,0.2486815571322291,0.6,0.25,0.8,200,200,20261001
misspecified,121,0.24104134639501332,0.053521360176047486,0.2336236643181264,0.24845902847190024,0.6,0.25,0.8,200,200,20261001
misspecified,122,0.2411208889872797,0.05328518923793383,0.23373593853247723,0.24850583944208218,0.6,0.25,0.8,200,200,20261001
misspecified,123,0.24126927708730278,0.05262263565053418,0.23397615187487206,0.2485624022997335,0.6,0.25,0.8,200,200,20261001
misspecified,124,0.24125063611996198,0.052363280470026356,0.23399345570167834,0.2485078165382456,0.6,0.25,0.8,200,200,20261001
misspecified,125,0.24153150259662579,0.05213657464996721,0.234305742001991,0.24875726319126057,0.6,0.25,0.8,200,200,20261001
misspecified,126,0.24124512493565273,0.05149531735892494,0.2341082380672983,0.24838201180400715,0.6,0.25,0.8,200,200,20261001
misspecified,127,0.2417984730547838,0.05132048324704699,0.23468581695810334,0.24891112915146427,0.6,0.25,0.8,200,200,20261001
misspecified,128,0.24170742260364605,0.05174205592854077,0.23453633951420352,0.2488785056930886,0.6,0.25,0.8,200,200,20261001
misspecified,129,0.2418801389915683,0.05145844043968651,0.23474836300346777,0.24901191497966882,0.6,0.25,0.8,200,200,20261001
misspecified,130,0.2420195636202864,0.051683013313503764,0.2348566634198043,0.2491824638207685,0.6,0.25,0.8,200,200,20261001
misspecified,131,0.2416546614290253,0.051751278931082924,0.23448230009664525,0.24882702276140536,0.6,0.25,0.8,200,200,20261001
misspecified,132,0.24084072155163627,0.05197176398755529,0.23363780254945415,0.2480436405538184,0.6,0.25,0.8,200,200,20261001
misspecified,133,0.24061869006722653,0.052271927021663576,0.23337417059093601,0.24786320954351704,0.6,0.25,0.8,200,200,20261001
misspecified,134,0.2404881962217462,0.052319808961720636,0.23323704064713158,0.2477393517963608,0.6,0.25,0.8,200,200,20261001
misspecified,135,0.24062966895699797,0.0519980812413663,0.23342310256952398,0.24783623534447197,0.6,0.25,0.8,200,200,20261001
misspecified,136,0.2405571552307544,0.05178054789178685,0.2333807374273783,0.24773357303413052,0.6,0.25,0.8,200,200,20261001
misspecified,137,0.24053362710179088,0.050970577077493834,0.23346946552606335,0.24759778867751842,0.6,0.25,0.8,200,200,20261001
misspecified,138,0.240363747510606,0.05098303023572163,0.23329786001520295,0.24742963500600904,0.6,0.25,0.8,200,200,20261001
misspecified,139,0.23999356757324847,0.05065671949370846,0.23297290443938193,0.247014230707115,0.6,0.25,0.8,200,200,20261001
misspecified,140,0.24071409503710758,0.05072615094720413,0.23368380919472853,0.24774438087948664,0.6,0.25,0.8,200,200,20261001
misspecified,141,0.24099799043100276,0.050436365522764766,0.23400786679941088,0.24798811406259463,0.6,0.25,0.8,200,200,20261001
misspecified,142,0.24101679738426005,0.05013803365504295,0.23406802044006336,0.24796557432845673,0.6,0.25,0.8,200,200,20261001
misspecified,143,0.24111531169383021,0.050143914869287695,0.2341657196549246,0.24806490373273582,0.6,0.25,0.8,200,200,20261001
misspecified,144,0.24116978443162587,0.05023171018272399,0.23420802458306877,0.24813154428018297,0.6,0.25,0.8,200,200,20261001
misspecified,145,0.24132218488248752,0.05019154830188388,0.23436599118663473,0.24827837857834031,0.6,0.25,0.8,200,200,20261001
misspecified,146,0.2410605489801343,0.049592317379847414,0.23418740445298136,0.24793369350728722,0.6,0.25,0.8,200,200,20261001
misspecified,147,0.2418405557081021,0.04921737777568965,0.23501937515892968,0.2486617362572745,0.6,0.25,0.8,200,200,20261001
misspecified,148,0.24176919004666242,0.04873471951890855,0.23501490251905768,0.24852347757426715,0.6,0.25,0.8,200,200,20261001
misspecified,149,0.24122953025685073,0.048735031505367676,0.23447519949012877,0.2479838610235727,0.6,0.25,0.8,200,200,20261001
misspecified,150,0.24110203121202597,0.04825446704713871,0.23441430328119736,0.2477897591428546,0.6,0.25,0.8,200,200,20261001
misspecified,151,0.24118031237371626,0.048206912322229276,0.23449917519150598,0.24786144955592654,0.6,0.25,0.8,200,200,20261001
misspecified,152,0.24132788490533053,0.04782625083527013,0.23469950471359827,0.24795626509706278,0.6,0.25,0.8,200,200,20261001
misspecified,153,0.2417152909218828,0.04776642963110642,0.23509520152605862,0.24833538031770697,0.6,0.25,0.8,200,200,20261001
misspecified,154,0.2415459234768717,0.047250256787197346,0.23499737198741324,0.24809447496633016,0.6,0.25,0.8,200,200,20261001
misspecified,155,0.24141050313674156,0.04726922768160082,0.23485932241545984,0.24796168385802328,0.6,0.25,0.8,200,200,20261001
misspecified,156,0.24146213908552155,0.04678708679845922,0.23497777968147934,0.24794649848956377,0.6,0.25,0.8,200,200,20261001
misspecified,157,0.24140555290633628,0.04648829198012665,0.23496260435137045,0.2478485014613021,0.6,0.25,0.8,200,200,20261001
misspecified,158,0.24174286991854518,0.04598600475021447,0.23536953482202871,0.24811620501506165,0.6,0.25,0.8,200,200,20261001
misspecified,159,0.24161440346402943,0.045127418875701646,0.23536006229875636,0.2478687446293025,0.6,0.25,0.8,200,200,20261001
misspecified,160,0.2414417692673683,0.04492643977212035,0.23521528238475098,0.2476682561499856,0.6,0.25,0.8,200,200,20261001
misspecified,161,0.24186975196285507,0.04504367538371542,0.23562701705343048,0.24811248687227966,0.6,0.25,0.8,200,200,20261001
misspecified,162,0.24183000493607318,0.04466785525978228,0.23563935603844394,0.24802065383370242,0.6,0.25,0.8,200,200,20261001
misspecified,163,0.2422017450078424,0.04418571748618367,0.236077916996492,0.24832557301919278,0.6,0.25,0.8,200,200,20261001
misspecified,164,0.2426908689191382,0.04408714832490406,0.23658070189656968,0.2488010359417067,0.6,0.25,0.8,200,200,20261001
misspecified,165,0.24255512646433533,0.04358494999191729,0.23651456057973091,0.24859569234893975,0.6,0.25,0.8,200,200,20261001
misspecified,166,0.2425393360806548,0.043341092723693304,0.23653256708913895,0.24854610507217068,0.6,0.25,0.8,200,200,20261001
misspecified,167,0.24261255052060182,0.04301109925435272,0.2366515162905899,0.24857358475061375,0.6,0.25,0.8,200,200,20261001
misspecified,168,0.2427579132503015,0.042699476042189655,0.2368400677940427,0.24867575870656028,0.6,0.25,0.8,200,200,20261001
misspecified,169,0.2427250183225639,0.04231168102860832,0.2368609185131326,0.24858911813199522,0.6,0.25,0.8,200,200,20261001
misspecified,170,0.24317283121399655,0.042308447414569975,0.23730917956060643,0.24903648286738667,0.6,0.25,0.8,200,200,20261001
misspecified,171,0.24287177435619273,0.04211020673580291,0.2370355974591422,0.24870795125324324,0.6,0.25,0.8,200,200,20261001
misspecified,172,0.24265708181819823,0.041818341110301846,0.23686135543309317,0.2484528082033033,0.6,0.25,0.8,200,200,20261001
misspecified,173,0.24298672684272887,0.04155211542718211,0.23722789745485237,0.24874555623060537,0.6,0.25,0.8,200,200,20261001
misspecified,174,0.24292980759267324,0.041292874575360315,0.23720690715379636,0.24865270803155012,0.6,0.25,0.8,200,200,20261001
misspecified,175,0.2432237955907107,0.04099491731986924,0.23754218992062268,0.24890540126079871,0.6,0.25,0.8,200,200,20261001
misspecified,176,0.24271711057623463,0.04070304995235845,0.2370759556595223,0.24835826549294696,0.6,0.25,0.8,200,200,20261001
misspecified,177,0.24281050303402527,0.040350219683613825,0.23721824789773782,0.2484027581703127,0.6,0.25,0.8,200,200,20261001
misspecified,178,0.2425526689795442,0.04000743748279619,0.23700792103251572,0.24809741692657267,0.6,0.25,0.8,200,200,20261001
misspecified,179,0.2422743445684784,0.03974696628458037,0.2367656960877601,0.2477829930491967,0.6,0.25,0.8,200,200,20261001
misspecified,180,0.24242501384516013,0.03928562833849357,0.23698030354170077,0.2478697241486195,0.6,0.25,0.8,200,200,20261001
misspecified,181,0.24228174715878278,0.03905422022344907,0.23686910838380787,0.2476943859337577,0.6,0.25,0.8,200,200,20261001
misspecified,182,0.24243864183297087,0.038827197871885995,0.2370574667506731,0.24781981691526864,0.6,0.25,0.8,200,200,20261001
misspecified,183,0.24227688987305795,0.039085520992698505,0.23685991303278928,0.24769386671332663,0.6,0.25,0.8,200,200,20261001
misspecified,184,0.24240172975274796,0.038961850442323746,0.23700189277630068,0.24780156672919523,0.6,0.25,0.8,200,200,20261001
misspecified,185,0.24217448070485234,0.038669410065621246,0.23681517389680307,0.24753378751290162,0.6,0.25,0.8,200,200,20261001
misspecified,186,0.24220324563472218,0.038500686435772896,0.23686732272874408,0.24753916854070027,0.6,0.25,0.8,200,200,20261001
misspecified,187,0.24244439294341813,0.038329853174104866,0.23713214631956445,0.2477566395672718,0.6,0.25,0.8,200,200,20261001
misspecified,188,0.2424551259336506,0.038290917934787394,0.23714827545865963,0.24776197640864156,0.6,0.25,0.8,200,200,20261001
misspecified,189,0.24268525468524843,0.03828909862052041,0.2373786563543507,0.24799185301614615,0.6,0.25,0.8,200,200,20261001
misspecified,190,0.24246018421026855,0.038246659900603136,0.23715946758587195,0.24776090083466515,0.6,0.25,0.8,200,200,20261001
misspecified,191,0.24248275157843138,0.03798064193837597,0.2372189031626164,0.24774659999424636,0.6,0.25,0.8,200,200,20261001
misspecified,192,0.24268354477440862,0.037772016783907424,0.237448610329838,0.24791847921897925,0.6,0.25,0.8,200,200,20261001
misspecified,193,0.24283097275575952,0.037565271116067445,0.23762469179887616,0.24803725371264287,0.6,0.25,0.8,200,200,20261001
misspecified,194,0.2431764867962375,0.037248563511969396,0.23801409927387832,0.24833887431859666,0.6,0.25,0.8,200,200,20261001
misspecified,195,0.24318588721603762,0.03722868959642084,0.23802625407784725,0.248345520354228,0.6,0.25,0.8,200,200,20261001
misspecified,196,0.24320853369328593,0.03692757964799683,0.23809063226483257,0.2483264351217393,0.6,0.25,0.8,200,200,20261001
misspecified,197,0.2430626995326045,0.036748711804734824,0.23796958792247289,0.24815581114273613,0.6,0.25,0.8,200,200,20261001
misspecified,198,0.2430458810279716,0.036765465579287344,0.23795044746315103,0.24814131459279215,0.6,0.25,0.8,200,200,20261001
misspecified,199,0.24292246995920952,0.03670007104468575,0.23783609961448735,0.2480088403039317,0.6,0.25,0.8,200,200,20261001
misspecified,200,0.24303281740648394,0.036581532236152715,0.23796287570244987,0.24810275911051802,0.6,0.25,0.8,200,200,20261001
adversarial,1,0.7866030169648337,0.12311097977473875,0.7695407056719351,0.8036653282577323,0.6,0.25,0.8,200,200,20261001
adversarial,2,0.7897147825388581,0.08168277678899111,0.7783941272456241,0.8010354378320921,0.6,0.25,0.8,200,200,20261001
adversarial,3,0.789392355141663,0.06775417432834305,0.7800021056618947,0.7987826046214312,0.6,0.25,0.8,200,200,20261001
adversarial,4,0.7931775090781883,0.05684557831908489,0.7852991138718487,0.8010559042845279,0.6,0.25,0.8,200,200,20261001
adversarial,5,0.7922816458166148,0.05084346990394911,0.78523510039638,0.7993281912368495,0.6,0.25,0.8,200,200,20261001
adversarial,6,0.792367994432773,0.04754515780423871,0.7857785717475645,0.7989574171179814,0.6,0.25,0.8,200,200,20261001
adversarial,7,0.7926311930245659,0.04451297624394091,0.7864620092634002,0.7988003767857316,0.6,0.25,0.8,200,200,20261001
adversarial,8,0.7923457345340635,0.04340858317967531,0.786329611842566,0.7983618572255611,0.6,0.25,0.8,200,200,20261001
adversarial,9,0.7930154903641824,0.04071858619107083,0.7873721822346396,0.7986587984937252,0.6,0.25,0.8,200,200,20261001
adversarial,10,0.7945386457792328,0.03859302803312761,0.7891899249807984,0.7998873665776672,0.6,0.25,0.8,200,200,20261001
adversarial,11,0.7939405102130895,0.03627198055732859,0.7889134701829355,0.7989675502432436,0.6,0.25,0.8,200,200,20261001
adversarial,12,0.7949991616336745,0.036390741301572174,0.7899556622041121,0.8000426610632368,0.6,0.25,0.8,200,200,20261001
adversarial,13,0.7961096309870048,0.03487286370246595,0.7912764986599369,0.8009427633140728,0.6,0.25,0.8,200,200,20261001
adversarial,14,0.7966881510220049,0.03320412660783181,0.7920862938568011,0.8012900081872086,0.6,0.25,0.8,200,200,20261001
adversarial,15,0.7970840931580726,0.031469927377400314,0.792722583743879,0.8014456025722662,0.6,0.25,0.8,200,200,20261001
adversarial,16,0.7971273720015865,0.02948716898213914,0.7930406588811146,0.8012140851220583,0.6,0.25,0.8,200,200,20261001
adversarial,17,0.7978177121041887,0.028873220350160815,0.7938160879229474,0.80181933628543,0.6,0.25,0.8,200,200,20261001
adversarial,18,0.7975095246039069,0.027918462673255925,0.7936402230857006,0.8013788261221132,0.6,0.25,0.8,200,200,20261001
adversarial,19,0.7973101874433965,0.027651482526928818,0.7934778874856846,0.8011424874011085,0.6,0.25,0.8,200,200,20261001
adversarial,20,0.7978480175721097,0.02615529221784603,0.7942230790118433,0.801472956132376,0.6,0.25,0.8,200,200,20261001
adversarial,21,0.7987450564685227,0.025543142355101307,0.79520495755079,0.8022851553862553,0.6,0.25,0.8,200,200,20261001
adversarial,22,0.7983902065607579,0.02443326513295055,0.7950039287781984,0.8017764843433174,0.6,0.25,0.8,200,200,20261001
adversarial,23,0.7982916145573711,0.02440357426729446,0.7949094517188507,0.8016737773958914,0.6,0.25,0.8,200,200,20261001
adversarial,24,0.7982085563598629,0.024126069108139216,0.7948648537741937,0.8015522589455321,0.6,0.25,0.8,200,200,20261001
adversarial,25,0.7983808527507495,0.022886211717837803,0.7952089856324841,0.801552719869015,0.6,0.25,0.8,200,200,20261001
adversarial,26,0.7986371587972262,0.02196849458361454,0.7955924807846896,0.8016818368097628,0.6,0.25,0.8,200,200,20261001
adversarial,27,0.7986546820791318,0.02193758617178825,0.7956142877539244,0.8016950764043392,0.6,0.25,0.8,200,200,20261001
adversarial,28,0.7986386802453693,0.021589288678023132,0.7956465574900254,0.8016308030007132,0.6,0.25,0.8,200,200,20261001
adversarial,29,0.7984331843072607,0.020774606687428254,0.7955539707152887,0.8013123978992328,0.6,0.25,0.8,200,200,20261001
adversarial,30,0.7985493681796291,0.020789517731201725,0.7956680880224243,0.8014306483368339,0.6,0.25,0.8,200,200,20261001
adversarial,31,0.79891906871348,0.020621947629903152,0.7960610125874458,0.8017771248395141,0.6,0.25,0.8,200,200,20261001
adversarial,32,0.799194250911219,0.0203940080222125,0.7963677856030754,0.8020207162193626,0.6,0.25,0.8,200,200,20261001
adversarial,33,0.7993771198390305,0.020113048237315495,0.7965895935704387,0.8021646461076223,0.6,0.25,0.8,200,200,20261001
adversarial,34,0.7996794367734821,0.020093258801208852,0.7968946531808058,0.8024642203661584,0.6,0.25,0.8,200,200,20261001
adversarial,35,0.7998565664667128,0.019914973950643445,0.7970964918936927,0.8026166410397328,0.6,0.25,0.8,200,200,20261001
adversarial,36,0.7995058782706442,0.019621726291897904,0.7967864457496051,0.8022253107916834,0.6,0.25,0.8,200,200,20261001
adversarial,37,0.7996663931958872,0.019742585889394173,0.7969302103892196,0.8024025760025547,0.6,0.25,0.8,200,200,20261001
adversarial,38,0.7991653716444581,0.01926836316674346,0.7964949127539745,0.8018358305349417,0.6,0.25,0.8,200,200,20261001
adversarial,39,0.7989737251301438,0.01892072639107199,0.7963514462386677,0.8015960040216198,0.6,0.25,0.8,200,200,20261001
adversarial,40,0.7989992746198888,0.019181794636427822,0.7963408135155906,0.8016577357241871,0.6,0.25,0.8,200,200,20261001
adversarial,41,0.7987377144759376,0.01900904793461843,0.7961031948430377,0.8013722341088374,0.6,0.25,0.8,200,200,20261001
adversarial,42,0.7989657179598669,0.018416983191421737,0.7964132543139509,0.8015181816057829,0.6,0.25,0.8,200,200,20261001
adversarial,43,0.7990205104647348,0.018313605198826598,0.7964823742776184,0.8015586466518512,0.6,0.25,0.8,200,200,20261001
adversarial,44,0.7987916443162907,0.018085893054877,0.7962850674221987,0.8012982212103826,0.6,0.25,0.8,200,200,20261001
adversarial,45,0.7990237864707228,0.017924351528960294,0.796539598089881,0.8015079748515647,0.6,0.25,0.8,200,200,20261001
adversarial,46,0.7987478292892825,0.01748036049982034,0.7963251749256688,0.8011704836528961,0.6,0.25,0.8,200,200,20261001
adversarial,47,0.7986602160658519,0.01745336265361779,0.7962413034128232,0.8010791287188807,0.6,0.25,0.8,200,200,20261001
adversarial,48,0.7989009176316572,0.01733794259574462,0.7964980013825275,0.8013038338807869,0.6,0.25,0.8,200,200,20261001
adversarial,49,0.7988318299688075,0.017146828536315457,0.7964554007769686,0.8012082591606464,0.6,0.25,0.8,200,200,20261001
adversarial,50,0.7985227017191631,0.016830190091366458,0.7961901563768794,0.8008552470614467,0.6,0.25,0.8,200,200,20261001
adversarial,51,0.7987677770380014,0.016749092987708953,0.7964464711808561,0.8010890828951467,0.6,0.25,0.8,200,200,20261001
adversarial,52,0.7988616139860312,0.016802091858911062,0.7965329628600863,0.801190265111976,0.6,0.25,0.8,200,200,20261001
adversarial,53,0.7988144722447461,0.016364351621630215,0.7965464888204764,0.8010824556690158,0.6,0.25,0.8,200,200,20261001
adversarial,54,0.7988406355507895,0.016149494197032776,0.7966024298463364,0.8010788412552426,0.6,0.25,0.8,200,200,20261001
adversarial,55,0.7988810536090648,0.01588362817668175,0.7966796950551236,0.801082412163006,0.6,0.25,0.8,200,200,20261001
adversarial,56,0.7989903193270003,0.015502519467600024,0.7968417797453611,0.8011388589086395,0.6,0.25,0.8,200,200,20261001
adversarial,57,0.7989306373660842,0.015564489176016716,0.7967735092210392,0.8010877655111291,0.6,0.25,0.8,200,200,20261001
adversarial,58,0.7987089021227589,0.01535984243052242,0.7965801365696054,0.8008376676759125,0.6,0.25,0.8,200,200,20261001
adversarial,59,0.7986021089144857,0.015241090082246757,0.7964898015971187,0.8007144162318527,0.6,0.25,0.8,200,200,20261001
adversarial,60,0.7986480615092896,0.015013244018286857,0.7965673320453135,0.8007287909732657,0.6,0.25,0.8,200,200,20261001
adversarial,61,0.7986931122953876,0.014833205080626001,0.7966373349551363,0.800748889635639,0.6,0.25,0.8,200,200,20261001
adversarial,62,0.7986778388941039,0.014676322312298708,0.7966438043962424,0.8007118733919655,0.6,0.25,0.8,200,200,20261001
adversarial,63,0.7985957729858569,0.014590620724748515,0.7965736161220436,0.8006179298496703,0.6,0.25,0.8,200,200,20261001
adversarial,64,0.7987075435336455,0.0144987917032124,0.7966981135229043,0.8007169735443866,0.6,0.25,0.8,200,200,20261001
adversarial,65,0.7988063196697752,0.014460196028583866,0.7968022387466319,0.8008104005929185,0.6,0.25,0.8,200,200,20261001
adversarial,66,0.7987389171922311,0.014391336302310912,0.7967443797402499,0.8007334546442123,0.6,0.25,0.8,200,200,20261001
adversarial,67,0.7986573732908353,0.014363479961732612,0.7966666965306892,0.8006480500509814,0.6,0.25,0.8,200,200,20261001
adversarial,68,0.7986263268576314,0.014301687733552317,0.7966442140633851,0.8006084396518776,0.6,0.25,0.8,200,200,20261001
adversarial,69,0.798792366118675,0.013970290568351943,0.7968561826282535,0.8007285496090965,0.6,0.25,0.8,200,200,20261001
adversarial,70,0.7986729755437451,0.013900044168453305,0.7967465277076451,0.800599423379845,0.6,0.25,0.8,200,200,20261001
adversarial,71,0.7985657116335826,0.013713488287804497,0.796665119123425,0.8004663041437402,0.6,0.25,0.8,200,200,20261001
adversarial,72,0.7984311263431516,0.013726769054616637,0.7965286932126207,0.8003335594736826,0.6,0.25,0.8,200,200,20261001
adversarial,73,0.7982347777774278,0.013687657830628478,0.7963377651859905,0.8001317903688651,0.6,0.25,0.8,200,200,20261001
adversarial,74,0.7982196310245255,0.013558253356802295,0.7963405529781561,0.800098709070895,0.6,0.25,0.8,200,200,20261001
adversarial,75,0.7980960633770344,0.013504564889383713,0.796224426172624,0.7999677005814448,0.6,0.25,0.8,200,200,20261001
adversarial,76,0.7982448893009361,0.013528007199159977,0.7963700031581487,0.8001197754437235,0.6,0.25,0.8,200,200,20261001
adversarial,77,0.7982375318710703,0.013454485410999289,0.7963728353282576,0.8001022284138829,0.6,0.25,0.8,200,200,20261001
adversarial,78,0.7984350517662048,0.013370999286628504,0.7965819258099089,0.8002881777225006,0.6,0.25,0.8,200,200,20261001
adversarial,79,0.7986098925485673,0.013236884738102245,0.7967753539203883,0.8004444311767462,0.6,0.25,0.8,200,200,20261001
adversarial,80,0.7987179267575655,0.013076637422874586,0.7969055972741863,0.8005302562409446,0.6,0.25,0.8,200,200,20261001
adversarial,81,0.7986918342199193,0.013135667629221732,0.7968713235673364,0.8005123448725022,0.6,0.25,0.8,200,200,20261001
adversarial,82,0.7988907003086936,0.013072804154117216,0.7970789020892596,0.8007024985281276,0.6,0.25,0.8,200,200,20261001
adversarial,83,0.798902504357813,0.012972995677460407,0.7971045388875091,0.8007004698281168,0.6,0.25,0.8,200,200,20261001
adversarial,84,0.7988347555014081,0.012876703448980236,0.7970501354531001,0.8006193755497162,0.6,0.25,0.8,200,200,20261001
adversarial,85,0.7988321131056321,0.012672460321919952,0.7970757997105544,0.8005884265007097,0.6,0.25,0.8,200,200,20261001
adversarial,86,0.7986512216234936,0.01261042332291571,0.7969035061178212,0.8003989371291659,0.6,0.25,0.8,200,200,20261001
adversarial,87,0.7987220770277265,0.012608149561173471,0.7969746766493542,0.8004694774060988,0.6,0.25,0.8,200,200,20261001
adversarial,88,0.7987518132119537,0.012539366673855289,0.7970139456554076,0.8004896807684997,0.6,0.25,0.8,200,200,20261001
adversarial,89,0.7987534015594003,0.012391879559268888,0.7970359746740712,0.8004708284447295,0.6,0.25,0.8,200,200,20261001
adversarial,90,0.7987857595112178,0.01214893342738632,0.7971020032419228,0.8004695157805127,0.6,0.25,0.8,200,200,20261001
adversarial,91,0.7988718514309514,0.012184220724076222,0.7971832045918477,0.8005604982700552,0.6,0.25,0.8,200,200,20261001
adversarial,92,0.7988492480240694,0.012181894539389298,0.7971609235777152,0.8005375724704237,0.6,0.25,0.8,200,200,20261001
adversarial,93,0.7987835740706863,0.012056209127505487,0.7971126687337118,0.8004544794076609,0.6,0.25,0.8,200,200,20261001
adversarial,94,0.7987818226004845,0.01192940360652739,0.7971284916120899,0.8004351535888791,0.6,0.25,0.8,200,200,20261001
adversarial,95,0.7987904514183795,0.011952488515176857,0.7971339210248768,0.8004469818118821,0.6,0.25,0.8,200,200,20261001
adversarial,96,0.7988084053203862,0.011984021961577896,0.7971475046141818,0.8004693060265906,0.6,0.25,0.8,200,200,20261001
adversarial,97,0.7988121967437085,0.012019823170473214,0.7971463342430976,0.8004780592443195,0.6,0.25,0.8,200,200,20261001
adversarial,98,0.7987339886898936,0.0119519992206796,0.7970775261091486,0.8003904512706387,0.6,0.25,0.8,200,200,20261001
adversarial,99,0.7988079535589862,0.011796682790330457,0.7971730167372625,0.8004428903807098,0.6,0.25,0.8,200,200,20261001
adversarial,100,0.7987403600548653,0.011743422627358157,0.7971128047151329,0.8003679153945976,0.6,0.25,0.8,200,200,20261001
adversarial,101,0.7985966219285899,0.011809853833701624,0.796959859693386,0.8002333841637939,0.6,0.25,0.8,200,200,20261001
adversarial,102,0.7984707038748542,0.011737462341772486,0.7968439745885595,0.8000974331611489,0.6,0.25,0.8,200,200,20261001
adversarial,103,0.7985489720497497,0.011589136208789257,0.7969427997166891,0.8001551443828103,0.6,0.25,0.8,200,200,20261001
adversarial,104,0.7985271222274335,0.011611202643885049,0.7969178916424979,0.8001363528123691,0.6,0.25,0.8,200,200,20261001
adversarial,105,0.7984124789897444,0.01157502757550014,0.7968082620134972,0.8000166959659917,0.6,0.25,0.8,200,200,20261001
adversarial,106,0.7984298785408239,0.011474089578485232,0.7968396508572417,0.8000201062244061,0.6,0.25,0.8,200,200,20261001
adversarial,107,0.7985116174785583,0.011353211864552884,0.7969381425914144,0.8000850923657021,0.6,0.25,0.8,200,200,20261001
adversarial,108,0.7985143974191155,0.011333183084996984,0.7969436983791968,0.8000850964590341,0.6,0.25,0.8,200,200,20261001
adversarial,109,0.7984483762120719,0.011377205221184959,0.7968715760153531,0.8000251764087907,0.6,0.25,0.8,200,200,20261001
adversarial,110,0.7983991492976563,0.011339431803643002,0.7968275842295173,0.7999707143657954,0.6,0.25,0.8,200,200,20261001
adversarial,111,0.79840771097736,0.011391134709743714,0.7968289802520208,0.7999864417026992,0.6,0.25,0.8,200,200,20261001
adversarial,112,0.798446833478893,0.011388191490269154,0.7968685106629618,0.8000251562948242,0.6,0.25,0.8,200,200,20261001
adversarial,113,0.7984368231491602,0.011344800582356616,0.7968645140062535,0.8000091322920669,0.6,0.25,0.8,200,200,20261001
adversarial,114,0.7982948740901553,0.011232941311099408,0.7967380678513005,0.7998516803290101,0.6,0.25,0.8,200,200,20261001
adversarial,115,0.7982104242329702,0.011227416700823044,0.7966543836660358,0.7997664647999045,0.6,0.25,0.8,200,200,20261001
adversarial,116,0.7981851817874582,0.011235106940582927,0.79662807540767,0.7997422881672465,0.6,0.25,0.8,200,200,20261001
adversarial,117,0.7982069643777017,0.011166643770840545,0.7966593465091443,0.7997545822462591,0.6,0.25,0.8,200,200,20261001
adversarial,118,0.7981133559896643,0.011105065977899318,0.7965742723677989,0.7996524396115297,0.6,0.25,0.8,200,200,20261001
adversarial,119,0.7981854157653491,0.0109202955817715,0.7966719400138964,0.7996988915168017,0.6,0.25,0.8,200,200,20261001
adversarial,120,0.7982381367444487,0.010809892622883054,0.796739962062451,0.7997363114264463,0.6,0.25,0.8,200,200,20261001
adversarial,121,0.7982082692790026,0.010704272035209513,0.7967247328636252,0.7996918056943799,0.6,0.25,0.8,200,200,20261001
adversarial,122,0.7982241777974564,0.010657037847586774,0.7967471877064959,0.7997011678884168,0.6,0.25,0.8,200,200,20261001
adversarial,123,0.7982538554174607,0.01052452713010685,0.7967952303749746,0.7997124804599469,0.6,0.25,0.8,200,200,20261001
adversarial,124,0.7982501272239927,0.010472656094005281,0.796798691140336,0.7997015633076494,0.6,0.25,0.8,200,200,20261001
adversarial,125,0.7983063005193256,0.010427314929993457,0.7968611484003987,0.7997514526382525,0.6,0.25,0.8,200,200,20261001
adversarial,126,0.7982490249871309,0.010299063471785002,0.79682164761346,0.7996764023608018,0.6,0.25,0.8,200,200,20261001
adversarial,127,0.798359694610957,0.010264096649409409,0.7969371633916209,0.7997822258302931,0.6,0.25,0.8,200,200,20261001
adversarial,128,0.7983414845207286,0.010348411185708156,0.79690726790284,0.7997757011386172,0.6,0.25,0.8,200,200,20261001
adversarial,129,0.798376027798314,0.010291688087937302,0.7969496726006938,0.7998023829959341,0.6,0.25,0.8,200,200,20261001
adversarial,130,0.7984039127240571,0.010336602662700763,0.7969713326839607,0.7998364927641535,0.6,0.25,0.8,200,200,20261001
adversarial,131,0.7983309322858047,0.010350255786216582,0.7968964600193287,0.7997654045522806,0.6,0.25,0.8,200,200,20261001
adversarial,132,0.7981681443103271,0.010394352797511056,0.7967275605098907,0.7996087281107636,0.6,0.25,0.8,200,200,20261001
adversarial,133,0.798123738013445,0.01045438540433272,0.796674834118187,0.7995726419087031,0.6,0.25,0.8,200,200,20261001
adversarial,134,0.7980976392443496,0.010463961792344127,0.7966474081294267,0.7995478703592726,0.6,0.25,0.8,200,200,20261001
adversarial,135,0.7981259337914003,0.010399616248273255,0.7966846205139055,0.799567247068895,0.6,0.25,0.8,200,200,20261001
adversarial,136,0.7981114310461508,0.010356109578357373,0.7966761474854755,0.799546714606826,0.6,0.25,0.8,200,200,20261001
adversarial,137,0.7981067254203593,0.010194115415498764,0.7966938931052138,0.7995195577355049,0.6,0.25,0.8,200,200,20261001
adversarial,138,0.7980727495021209,0.010196606047144324,0.7966595720030403,0.7994859270012016,0.6,0.25,0.8,200,200,20261001
adversarial,139,0.7979987135146501,0.010131343898741683,0.7965945808878768,0.7994028461414234,0.6,0.25,0.8,200,200,20261001
adversarial,140,0.798142819007421,0.010145230189440822,0.7967367618389452,0.7995488761758969,0.6,0.25,0.8,200,200,20261001
adversarial,141,0.7981995980862009,0.010087273104552942,0.7968015733598826,0.7995976228125192,0.6,0.25,0.8,200,200,20261001
adversarial,142,0.7982033594768525,0.010027606731008583,0.7968136040880132,0.7995931148656918,0.6,0.25,0.8,200,200,20261001
adversarial,143,0.7982230623387658,0.010028782973857535,0.7968331439309847,0.799612980746547,0.6,0.25,0.8,200,200,20261001
adversarial,144,0.7982339568863249,0.010046342036544793,0.7968416049166135,0.7996263088560364,0.6,0.25,0.8,200,200,20261001
adversarial,145,0.7982644369764972,0.010038309660376776,0.7968731982373266,0.7996556757156678,0.6,0.25,0.8,200,200,20261001
adversarial,146,0.7982121097960271,0.009918463475969488,0.7968374808905965,0.7995867387014577,0.6,0.25,0.8,200,200,20261001
adversarial,147,0.7983681111416207,0.009843475555137935,0.7970038750317862,0.7997323472514551,0.6,0.25,0.8,200,200,20261001
adversarial,148,0.7983538380093321,0.009746943903781712,0.7970029805038111,0.7997046955148531,0.6,0.25,0.8,200,200,20261001
adversarial,149,0.7982459060513704,0.009747006301073542,0.796895039898026,0.7995967722047147,0.6,0.25,0.8,200,200,20261001
adversarial,150,0.7982204062424049,0.00965089340942775,0.7968828606562391,0.7995579518285706,0.6,0.25,0.8,200,200,20261001
adversarial,151,0.798236062474743,0.009641382464445849,0.796899835038301,0.799572289911185,0.6,0.25,0.8,200,200,20261001
adversarial,152,0.7982655769810661,0.009565250167054031,0.7969399009427197,0.7995912530194126,0.6,0.25,0.8,200,200,20261001
adversarial,153,0.7983430581843766,0.009553285926221289,0.7970190403052118,0.7996670760635414,0.6,0.25,0.8,200,200,20261001
adversarial,154,0.7983091846953743,0.009450051357439473,0.7969994743974825,0.799618894993266,0.6,0.25,0.8,200,200,20261001
adversarial,155,0.7982821006273475,0.009453845536320166,0.7969718644830912,0.7995923367716038,0.6,0.25,0.8,200,200,20261001
adversarial,156,0.798292427817104,0.009357417359691853,0.7969955559362956,0.7995892996979124,0.6,0.25,0.8,200,200,20261001
adversarial,157,0.7982811105812674,0.009297658396025324,0.7969925208702742,0.7995697002922606,0.6,0.25,0.8,200,200,20261001
adversarial,158,0.7983485739837094,0.009197200950042894,0.797073906964406,0.7996232410030127,0.6,0.25,0.8,200,200,20261001
adversarial,159,0.7983228806928062,0.009025483775140333,0.7970720124597516,0.7995737489258609,0.6,0.25,0.8,200,200,20261001
adversarial,160,0.7982883538534735,0.008985287954424076,0.7970430564769501,0.799533651229997,0.6,0.25,0.8,200,200,20261001
adversarial,161,0.7983739503925709,0.00900873507674308,0.7971254034106859,0.7996224973744558,0.6,0.25,0.8,200,200,20261001
adversarial,162,0.7983660009872142,0.008933571051956454,0.7971278712076884,0.7996041307667401,0.6,0.25,0.8,200,200,20261001
adversarial,163,0.7984403490015687,0.008837143497236731,0.7972155833992987,0.7996651146038387,0.6,0.25,0.8,200,200,20261001
adversarial,164,0.7985381737838279,0.008817429664980803,0.7973161403793142,0.7997602071883415,0.6,0.25,0.8,200,200,20261001
adversarial,165,0.7985110252928672,0.008716989998383445,0.7973029121159463,0.7997191384697881,0.6,0.25,0.8,200,200,20261001
adversarial,166,0.7985078672161309,0.00866821854473865,0.7973065134178277,0.7997092210144341,0.6,0.25,0.8,200,200,20261001
adversarial,167,0.7985225101041199,0.008602219850870538,0.7973303032581175,0.7997147169501223,0.6,0.25,0.8,200,200,20261001
adversarial,168,0.7985515826500604,0.008539895208437929,0.7973680135588087,0.7997351517413122,0.6,0.25,0.8,200,200,20261001
adversarial,169,0.7985450036645129,0.008462336205721675,0.7973721837026266,0.7997178236263991,0.6,0.25,0.8,200,200,20261001
adversarial,170,0.7986345662428,0.008461689482913993,0.797461835912122,0.799807296573478,0.6,0.25,0.8,200,200,20261001
adversarial,171,0.7985743548712384,0.008422041347160583,0.7974071194918283,0.7997415902506485,0.6,0.25,0.8,200,200,20261001
adversarial,172,0.7985314163636397,0.008363668222060366,0.7973722710866187,0.7996905616406607,0.6,0.25,0.8,200,200,20261001
adversarial,173,0.7985973453685459,0.008310423085436435,0.7974455794909706,0.7997491112461211,0.6,0.25,0.8,200,200,20261001
adversarial,174,0.7985859615185343,0.008258574915072061,0.7974413814307589,0.7997305416063097,0.6,0.25,0.8,200,200,20261001
adversarial,175,0.7986447591181421,0.008198983463973863,0.7975084379841245,0.7997810802521598,0.6,0.25,0.8,200,200,20261001
adversarial,176,0.7985434221152466,0.0081406099904717,0.7974151911319042,0.7996716530985891,0.6,0.25,0.8,200,200,20261001
adversarial,177,0.7985621006068051,0.008070043936722778,0.7974436495795476,0.7996805516340626,0.6,0.25,0.8,200,200,20261001
adversarial,178,0.7985105337959085,0.008001487496559243,0.7974015842065029,0.7996194833853142,0.6,0.25,0.8,200,200,20261001
adversarial,179,0.798454868913696,0.007949393256916076,0.7973531392175524,0.7995565986098396,0.6,0.25,0.8,200,200,20261001
adversarial,180,0.7984850027690318,0.007857125667698727,0.7973960607083399,0.7995739448297237,0.6,0.25,0.8,200,200,20261001
adversarial,181,0.7984563494317569,0.007810844044689819,0.797373821676762,0.7995388771867519,0.6,0.25,0.8,200,200,20261001
adversarial,182,0.7984877283665943,0.007765439574377201,0.7974114933501347,0.7995639633830539,0.6,0.25,0.8,200,200,20261001
adversarial,183,0.7984553779746115,0.007817104198539699,0.7973719826065578,0.7995387733426652,0.6,0.25,0.8,200,200,20261001
adversarial,184,0.798480345950549,0.007792370088464759,0.7974003785552595,0.7995603133458384,0.6,0.25,0.8,200,200,20261001
adversarial,185,0.7984348961409704,0.007733882013124257,0.7973630347793605,0.7995067575025803,0.6,0.25,0.8,200,200,20261001
adversarial,186,0.7984406491269448,0.0077001372871545876,0.7973734645457492,0.7995078337081404,0.6,0.25,0.8,200,200,20261001
adversarial,187,0.7984888785886833,0.007665970634820977,0.7974264292639126,0.7995513279134541,0.6,0.25,0.8,200,200,20261001
adversarial,188,0.7984910251867301,0.007658183586957485,0.7974296550917319,0.7995523952817283,0.6,0.25,0.8,200,200,20261001
adversarial,189,0.7985370509370492,0.007657819724104098,0.7974757312708697,0.7995983706032287,0.6,0.25,0.8,200,200,20261001
adversarial,190,0.7984920368420535,0.007649331980120638,0.7974318935171741,0.7995521801669329,0.6,0.25,0.8,200,200,20261001
adversarial,191,0.7984965503156866,0.007596128387675204,0.7974437806325235,0.7995493199988496,0.6,0.25,0.8,200,200,20261001
adversarial,192,0.7985367089548819,0.007554403356781485,0.7974897220659678,0.7995836958437961,0.6,0.25,0.8,200,200,20261001
adversarial,193,0.7985661945511517,0.007513054223213489,0.7975249383597751,0.7996074507425284,0.6,0.25,0.8,200,200,20261001
adversarial,194,0.7986352973592475,0.00744971270239388,0.7976028198547757,0.7996677748637194,0.6,0.25,0.8,200,200,20261001
adversarial,195,0.7986371774432075,0.007445737919284172,0.7976052508155694,0.7996691040708456,0.6,0.25,0.8,200,200,20261001
adversarial,196,0.798641706738657,0.007385515929599368,0.7976181264529663,0.7996652870243477,0.6,0.25,0.8,200,200,20261001
adversarial,197,0.798612539906521,0.007349742360946963,0.7975939175844947,0.7996311622285474,0.6,0.25,0.8,200,200,20261001
adversarial,198,0.7986091762055944,0.007353093115857468,0.7975900894926302,0.7996282629185585,0.6,0.25,0.8,200,200,20261001
adversarial,199,0.7985844939918421,0.007340014208937154,0.7975672199228976,0.7996017680607865,0.6,0.25,0.8,200,200,20261001
adversarial,200,0.7986065634812967,0.007316306447230547,0.7975925751404899,0.7996205518221035,0.6,0.25,0.8,200,200,20261001
